frame,time_s,detected,confidence,cx,cy,raw_cx,raw_cy,diameter,drift_px,status,candidates
0,0.000000,1,0.4903,2968.88,1575.74,2968.88,1575.74,53.10,0.00,ok,10
1,0.000000,1,0.6265,2968.85,1575.94,2968.17,1573.82,52.76,2.15,ok,10
2,0.008333,0,,,,,,,3.64,rejected-jump,9
3,0.016667,1,0.3412,2970.47,1576.27,2974.52,1572.13,54.99,6.27,ok,10
4,0.025000,1,0.3675,2972.02,1576.70,2980.52,1572.50,54.88,10.54,ok,10
5,0.033333,1,0.6395,2972.50,1576.78,2987.09,1573.97,54.93,16.36,ok,11
6,0.041667,1,0.6009,2973.93,1578.50,2995.48,1578.89,54.66,23.40,ok,11
7,0.050000,1,0.7221,2975.28,1577.53,3004.90,1582.60,55.89,31.86,ok,10
8,0.058333,0,,,,,,,40.72,rejected-jump,8
9,0.066667,1,0.3889,2976.88,1578.20,3022.39,1593.36,55.39,48.95,ok,11
10,0.075000,1,0.3170,2978.16,1578.80,3029.40,1597.98,55.49,55.88,ok,10
11,0.083333,1,0.4234,2977.39,1578.58,3033.39,1601.12,54.12,61.53,ok,10
12,0.091667,1,0.3470,2978.31,1578.59,3037.55,1604.23,55.20,65.63,ok,10
13,0.100000,1,0.3192,2976.91,1578.84,3038.01,1607.59,53.66,68.50,ok,11
14,0.108333,1,0.3777,2979.41,1579.73,3041.50,1611.21,55.15,70.34,ok,12
15,0.116667,1,0.5775,2976.47,1578.66,3038.68,1612.76,52.65,71.34,ok,11
16,0.125000,1,0.5564,2978.97,1578.56,3040.51,1615.04,56.13,71.63,ok,11
17,0.133333,0,,,,,,,70.96,rejected-jump,10
18,0.141667,1,0.3756,2979.03,1579.00,3037.00,1618.20,55.64,69.42,ok,11
19,0.150000,1,0.5017,2977.95,1578.88,3033.00,1618.43,54.68,66.99,ok,11
20,0.158333,1,0.2963,2978.33,1578.57,3029.90,1617.89,54.89,63.86,ok,10
21,0.166667,0,,,,,,,60.24,rejected-jump,10
22,0.175000,1,0.5395,2978.54,1577.54,3022.72,1614.87,56.61,56.48,ok,11
23,0.183333,1,0.6367,2976.81,1577.43,3017.67,1613.47,54.95,53.02,ok,10
24,0.191667,1,0.4933,2977.14,1578.21,3014.96,1613.22,54.75,49.95,ok,11
25,0.200000,1,0.6591,2976.28,1578.01,3011.27,1612.17,54.00,47.11,ok,9
26,0.208333,0,,,,,,,44.38,rejected-jump,10
27,0.216667,1,0.4080,2976.64,1577.28,3006.09,1609.66,56.28,41.62,ok,10
28,0.225000,1,0.4653,2976.42,1577.05,3003.19,1608.38,56.14,38.86,ok,11
29,0.233333,1,0.6832,2975.33,1577.40,2999.77,1607.78,55.20,36.45,ok,10
30,0.241667,1,0.4669,2975.74,1577.40,2998.29,1607.09,55.88,34.57,ok,10
31,0.250000,1,0.6124,2974.84,1577.85,2996.19,1607.31,54.98,33.50,ok,10
32,0.258333,1,0.6213,2975.15,1577.24,2995.71,1606.67,55.51,32.89,ok,10
33,0.266667,1,0.6660,2975.34,1576.82,2995.39,1606.46,55.99,32.68,ok,10
34,0.275000,1,0.7250,2975.78,1577.11,2995.54,1606.62,55.77,32.38,ok,10
35,0.283333,1,0.4588,2975.26,1576.90,2994.88,1605.86,55.43,31.90,ok,11
36,0.291667,1,0.6263,2975.45,1576.89,2994.93,1604.83,55.15,31.15,ok,11
37,0.300000,1,0.6644,2975.25,1576.91,2994.65,1603.69,54.88,30.36,ok,10
38,0.308333,1,0.5276,2975.01,1577.40,2994.33,1603.13,54.29,29.69,ok,10
39,0.316667,1,0.2857,2974.75,1576.67,2993.85,1601.46,54.69,29.03,ok,11
40,0.325000,1,0.5438,2974.29,1575.99,2993.02,1599.49,54.20,28.02,ok,11
41,0.333333,1,0.6795,2974.96,1576.46,2993.34,1598.49,54.61,26.95,ok,11
42,0.341667,1,0.7111,2970.14,1576.60,2988.23,1597.36,49.78,26.11,ok,11
43,0.350000,1,0.5548,2972.06,1577.23,2989.99,1596.83,51.82,25.48,ok,12
44,0.358333,1,0.4505,2975.11,1577.24,2993.01,1595.85,54.82,24.99,ok,11
45,0.366667,1,0.5635,2975.17,1577.69,2993.30,1595.59,54.45,24.93,ok,11
46,0.375000,1,0.3163,2975.65,1578.18,2994.27,1595.61,54.52,25.16,ok,10
47,0.383333,1,0.3487,2976.46,1578.36,2995.64,1595.83,54.82,25.71,ok,10
48,0.391667,1,0.6789,2976.32,1578.09,2996.33,1596.19,55.35,26.69,ok,11
49,0.400000,1,0.7561,2975.53,1577.75,2996.78,1597.03,54.90,28.35,ok,12
50,0.408333,1,0.4573,2975.13,1577.92,2998.01,1598.75,53.51,30.49,ok,12
51,0.416667,1,0.6538,2974.31,1577.38,2998.76,1599.68,53.33,32.55,ok,11
52,0.425000,1,0.4715,2973.39,1576.99,2999.41,1600.71,52.26,34.57,ok,11
53,0.433333,1,0.5172,2976.14,1577.56,3003.72,1602.59,55.06,36.62,ok,11
54,0.441667,1,0.6185,2976.58,1577.77,3005.68,1604.02,55.75,38.56,ok,10
55,0.450000,1,0.4586,2976.32,1576.84,3006.76,1604.27,55.71,40.31,ok,10
56,0.458333,1,0.5116,2973.11,1577.09,3004.61,1605.54,52.42,41.75,ok,10
57,0.466667,1,0.4181,2975.69,1577.22,3007.91,1606.72,54.68,42.93,ok,13
58,0.475000,1,0.4185,2975.48,1576.91,3008.19,1607.42,55.40,43.94,ok,12
59,0.483333,1,0.3415,2975.82,1576.99,3008.60,1608.03,55.33,44.34,ok,11
60,0.492083,1,0.4036,2971.06,1578.14,3003.09,1609.82,49.73,44.21,ok,10
61,0.500417,1,0.4753,2973.30,1579.40,3003.99,1611.51,50.92,43.49,ok,10
62,0.508750,1,0.3650,2976.98,1576.96,3005.95,1609.10,56.80,42.27,ok,12
63,0.517083,1,0.3292,2976.28,1576.73,3003.05,1608.63,55.72,40.51,ok,11
64,0.525417,1,0.5963,2975.14,1577.18,2999.21,1608.53,54.43,38.27,ok,10
65,0.533750,1,0.6655,2975.55,1577.03,2996.96,1607.66,55.98,35.97,ok,10
66,0.542083,1,0.6207,2974.67,1576.89,2993.43,1606.94,54.55,33.91,ok,10
67,0.550417,1,0.4553,2973.82,1576.80,2990.18,1606.33,53.73,32.12,ok,10
68,0.558750,1,0.3893,2974.92,1575.66,2989.22,1604.78,56.22,30.68,ok,11
69,0.567083,1,0.6273,2974.78,1575.74,2987.21,1604.49,55.78,29.45,ok,11
70,0.575417,1,0.5633,2971.96,1575.90,2982.72,1604.41,52.60,28.52,ok,11
71,0.583750,1,0.6824,2973.74,1576.38,2983.05,1604.90,54.70,27.94,ok,11
72,0.592083,1,0.5508,2974.42,1576.42,2982.75,1604.81,55.25,27.43,ok,11
73,0.600417,1,0.4643,2974.66,1576.41,2982.49,1604.79,55.48,27.18,ok,12
74,0.608750,1,0.4706,2974.48,1576.81,2982.34,1605.57,55.22,27.45,ok,12
75,0.617083,1,0.5169,2974.82,1576.59,2982.88,1606.05,55.97,28.09,ok,11
76,0.625417,1,0.5300,2974.42,1576.44,2982.60,1606.80,55.76,28.85,ok,12
77,0.633750,1,0.5468,2974.46,1576.15,2982.63,1607.73,55.74,29.86,ok,11
78,0.642083,1,0.4990,2974.95,1577.46,2983.03,1610.40,55.22,30.94,ok,11
79,0.650417,1,0.4597,2974.94,1577.77,2982.86,1611.84,54.72,31.84,ok,11
80,0.658750,1,0.6679,2974.31,1577.41,2982.15,1612.65,54.72,32.82,ok,10
81,0.667083,1,0.7379,2974.30,1576.77,2982.27,1613.26,54.35,33.90,ok,11
82,0.675417,1,0.4792,2974.28,1576.72,2982.23,1614.47,54.61,34.98,ok,11
83,0.683750,1,0.4339,2974.38,1576.39,2982.57,1615.59,54.69,36.27,ok,10
84,0.692083,1,0.3104,2974.41,1577.55,2983.19,1618.20,54.25,37.65,ok,12
85,0.700417,1,0.4681,2974.18,1577.41,2983.89,1619.60,54.12,39.34,ok,10
86,0.708750,1,0.6802,2974.21,1576.99,2984.99,1620.86,54.72,41.21,ok,11
87,0.717083,1,0.6573,2974.79,1576.10,2986.58,1621.51,55.43,42.99,ok,13
88,0.725417,1,0.7812,2974.93,1576.50,2987.47,1623.16,55.33,44.43,ok,11
89,0.733750,1,0.7638,2975.02,1576.41,2988.20,1624.10,55.46,45.58,ok,11
90,0.742083,1,0.4824,2975.22,1576.35,2988.95,1624.75,55.95,46.50,ok,11
91,0.750417,1,0.6075,2975.16,1576.46,2989.37,1625.55,55.59,47.39,ok,11
92,0.758750,1,0.6041,2975.22,1577.10,2989.74,1626.77,55.33,48.08,ok,11
93,0.767083,1,0.7208,2975.25,1577.37,2989.78,1627.27,55.15,48.34,ok,11
94,0.775417,1,0.7795,2974.94,1577.27,2989.07,1627.06,54.76,48.16,ok,11
95,0.783750,1,0.7702,2974.28,1577.20,2987.77,1626.67,54.23,47.74,ok,11
96,0.792083,1,0.5212,2974.74,1576.38,2987.20,1625.63,55.76,47.26,ok,12
97,0.800417,1,0.4235,2973.86,1576.55,2984.96,1625.48,54.72,46.64,ok,11
98,0.808750,1,0.6056,2973.95,1578.12,2983.46,1626.61,53.44,45.89,ok,10
99,0.817083,1,0.5242,2975.41,1576.51,2983.03,1624.37,56.20,44.86,ok,10
100,0.825417,1,0.6260,2974.19,1576.70,2979.61,1623.51,55.28,43.39,ok,10
101,0.833750,1,0.5640,2973.28,1575.87,2976.20,1621.34,55.46,41.69,ok,11
102,0.842083,1,0.6080,2973.77,1575.92,2974.02,1619.90,55.66,39.91,ok,13
103,0.850417,1,0.6162,2973.59,1576.35,2970.88,1618.70,55.06,38.21,ok,10
104,0.858750,1,0.4897,2972.85,1576.25,2967.32,1616.89,54.29,36.69,ok,11
105,0.867083,1,0.7634,2973.26,1575.65,2965.20,1614.80,55.82,35.57,ok,12
106,0.875417,1,0.7371,2973.14,1575.59,2963.15,1613.47,54.93,34.74,ok,10
107,0.883750,1,0.6801,2972.26,1575.88,2960.86,1612.70,54.34,34.11,ok,10
108,0.892083,1,0.5136,2973.06,1576.29,2961.08,1612.19,55.83,33.42,ok,10
109,0.900417,1,0.5259,2972.71,1576.60,2960.88,1611.74,55.04,32.66,ok,10
110,0.908750,0,,,,,,,31.75,rejected-jump,9
111,0.917083,0,,,,,,,30.64,rejected-jump,9
112,0.925417,1,0.4603,2973.07,1575.74,2964.13,1608.41,55.69,29.43,ok,10
113,0.933750,1,0.6717,2972.83,1576.28,2965.14,1608.09,55.17,28.22,ok,11
114,0.942083,1,0.7583,2973.35,1576.11,2966.91,1606.98,55.32,27.01,ok,12
115,0.950417,1,0.7399,2972.61,1575.99,2967.42,1606.14,54.28,26.07,ok,10
116,0.958750,1,0.6915,2972.30,1575.46,2968.13,1604.98,54.10,25.28,ok,10
117,0.967083,1,0.6666,2973.78,1575.62,2970.68,1604.64,55.20,24.65,ok,10
118,0.975417,1,0.7048,2973.47,1575.53,2971.33,1604.36,54.74,24.37,ok,11
119,0.983750,1,0.6685,2972.91,1575.78,2971.81,1604.52,54.93,24.27,ok,12
120,0.992083,1,0.6329,2973.48,1575.81,2973.26,1604.48,55.22,24.18,ok,11
121,1.000417,1,0.5316,2973.06,1575.73,2973.66,1604.32,54.52,24.13,ok,11
122,1.008750,1,0.5329,2973.13,1575.66,2974.42,1604.11,54.52,24.04,ok,11
123,1.017083,1,0.5874,2973.33,1575.99,2975.20,1604.40,55.29,24.00,ok,10
124,1.025417,1,0.4601,2972.79,1576.13,2975.15,1604.44,54.18,23.95,ok,10
125,1.033750,0,,,,,,,23.76,rejected-jump,9
126,1.042083,0,,,,,,,23.48,rejected-jump,9
127,1.050417,1,0.3181,2973.31,1575.79,2975.47,1603.49,54.87,23.16,ok,10
128,1.058750,1,0.3120,2973.78,1575.52,2975.59,1602.79,55.20,22.65,ok,10
129,1.067083,1,0.2765,2973.88,1576.81,2975.20,1603.66,54.43,22.18,ok,10
130,1.075417,1,0.2737,2973.57,1576.28,2974.32,1602.87,54.74,21.84,ok,10
131,1.083750,1,0.4337,2973.19,1576.34,2973.26,1602.68,54.27,21.49,ok,10
132,1.092083,1,0.5611,2973.21,1576.78,2972.46,1602.68,53.91,20.89,ok,10
133,1.100417,1,0.4080,2973.54,1576.83,2971.93,1602.43,54.07,20.43,ok,10
134,1.108750,1,0.4464,2972.88,1576.05,2970.63,1601.35,53.47,19.99,ok,12
135,1.117083,1,0.3900,2972.59,1575.99,2969.91,1601.28,53.61,19.78,ok,11
136,1.125417,1,0.3791,2972.54,1576.15,2969.83,1601.38,53.40,19.57,ok,11
137,1.133750,1,0.4128,2973.46,1575.93,2971.23,1601.02,54.24,19.31,ok,10
138,1.142083,1,0.4784,2973.08,1575.41,2971.58,1600.38,55.12,19.16,ok,10
139,1.150417,1,0.4610,2973.38,1575.83,2973.12,1600.64,54.68,19.19,ok,11
140,1.158750,1,0.2707,2973.13,1577.22,2974.35,1602.20,53.34,19.75,ok,10
141,1.167083,0,,,,,,,20.51,rejected-jump,9
142,1.175417,1,0.2701,2974.87,1576.69,2979.25,1601.82,55.55,21.29,ok,10
143,1.183750,1,0.4738,2974.54,1576.98,2980.51,1602.00,54.86,22.12,ok,10
144,1.192083,1,0.4805,2974.20,1576.54,2981.62,1601.22,54.99,22.78,ok,10
145,1.200417,1,0.5515,2974.14,1576.91,2982.91,1601.08,54.73,23.35,ok,11
146,1.208750,1,0.6827,2973.09,1576.75,2983.14,1600.35,53.91,23.88,ok,11
147,1.217083,1,0.7481,2973.30,1576.53,2984.48,1599.63,53.90,24.41,ok,11
148,1.225417,1,0.8466,2974.19,1576.42,2986.46,1598.76,54.49,24.72,ok,10
149,1.233750,1,0.8804,2973.70,1576.50,2986.88,1598.25,54.19,25.11,ok,10
150,1.242083,1,0.8209,2973.75,1576.50,2987.73,1597.71,54.09,25.49,ok,12
151,1.250417,1,0.8254,2974.01,1577.00,2988.78,1597.42,53.51,25.69,ok,10
152,1.258750,1,0.8526,2975.03,1577.34,2990.48,1597.24,54.82,26.01,ok,10
153,1.267083,1,0.7194,2975.14,1577.58,2991.34,1596.94,54.65,26.48,ok,11
154,1.275417,1,0.5020,2974.35,1577.93,2991.62,1596.87,53.70,27.28,ok,11
155,1.283750,1,0.8057,2974.72,1577.81,2993.44,1596.26,54.37,28.41,ok,11
156,1.292083,1,0.7971,2975.03,1577.86,2995.43,1596.32,53.92,29.96,ok,10
157,1.300417,1,0.7189,2975.15,1578.23,2997.63,1596.90,53.84,31.99,ok,10
158,1.308750,1,0.6554,2973.92,1578.30,2998.85,1597.24,51.77,34.38,ok,12
159,1.317083,1,0.7998,2975.53,1577.47,3003.34,1596.96,54.29,37.32,ok,12
160,1.325417,1,0.8137,2976.19,1577.28,3007.30,1597.38,55.38,40.68,ok,12
161,1.333750,1,0.8499,2977.09,1577.49,3011.81,1598.34,55.81,44.33,ok,11
162,1.342083,1,0.6033,2976.56,1577.95,3014.85,1599.55,54.49,47.95,ok,10
163,1.350417,1,0.5501,2977.60,1577.27,3019.42,1599.72,56.26,51.63,ok,10
164,1.358750,0,,,,,,,54.99,rejected-jump,9
165,1.367083,1,0.2910,2978.17,1578.49,3026.23,1602.24,54.90,57.99,ok,10
166,1.375417,1,0.5764,2978.21,1579.70,3028.66,1604.03,54.73,60.46,ok,10
167,1.383750,1,0.4878,2978.32,1579.15,3030.81,1604.02,54.66,62.58,ok,10
168,1.392083,1,0.5238,2977.63,1578.84,3031.77,1604.74,54.15,64.41,ok,10
169,1.400417,1,0.7193,2977.98,1578.53,3033.19,1605.45,54.37,65.77,ok,10
170,1.408750,1,0.6437,2978.27,1578.54,3034.04,1606.17,54.69,66.50,ok,10
171,1.417083,1,0.7615,2978.71,1578.57,3034.59,1606.73,55.64,66.76,ok,11
172,1.425417,1,0.7444,2978.79,1578.84,3034.22,1607.48,55.59,66.52,ok,11
173,1.433750,1,0.6604,2977.83,1578.87,3032.70,1607.84,55.50,66.09,ok,11
174,1.442083,1,0.6874,2977.50,1578.64,3031.78,1608.13,55.44,65.67,ok,10
175,1.450417,1,0.7304,2977.40,1580.11,3031.18,1610.77,53.49,65.64,ok,10
176,1.459167,1,0.6522,2977.76,1580.26,3031.16,1612.24,53.45,65.76,ok,12
177,1.467500,1,0.7418,2977.51,1578.84,3030.65,1612.44,54.02,66.14,ok,11
178,1.475833,1,0.7542,2977.54,1578.69,3030.52,1614.02,54.87,66.72,ok,11
179,1.484167,1,0.5430,2977.89,1578.78,3030.71,1616.02,55.05,67.40,ok,11
180,1.492500,1,0.3314,2977.98,1579.37,3030.74,1618.44,54.60,68.19,ok,10
181,1.500833,1,0.5172,2977.77,1578.93,3030.86,1620.02,55.00,69.36,ok,11
182,1.509167,1,0.7224,2977.61,1579.42,3031.28,1622.72,54.79,71.04,ok,11
183,1.517500,1,0.7475,2977.69,1578.93,3032.32,1624.57,55.02,72.97,ok,11
184,1.525833,1,0.8092,2977.89,1580.07,3033.47,1628.47,54.09,75.24,ok,10
185,1.534167,1,0.6945,2978.20,1579.30,3034.61,1630.49,55.01,77.49,ok,10
186,1.542500,1,0.5911,2978.67,1578.17,3035.75,1631.63,55.86,79.26,ok,12
187,1.550833,1,0.5743,2978.17,1579.20,3035.65,1634.50,54.77,80.65,ok,10
188,1.559167,1,0.6921,2978.24,1578.76,3036.11,1635.59,55.10,81.87,ok,11
189,1.567500,1,0.7297,2978.55,1578.79,3036.74,1637.14,56.17,83.07,ok,10
190,1.575833,1,0.7857,2978.74,1579.74,3037.29,1639.64,55.46,84.32,ok,10
191,1.584167,1,0.5478,2978.95,1579.32,3037.84,1640.58,55.73,85.42,ok,10
192,1.592500,1,0.5053,2978.91,1579.20,3037.99,1641.62,55.77,86.30,ok,9
193,1.600833,1,0.5815,2979.25,1579.89,3038.40,1643.43,55.70,87.09,ok,11
194,1.609167,1,0.7337,2979.34,1579.83,3038.53,1644.70,55.66,87.95,ok,10
195,1.617500,1,0.7555,2979.23,1579.42,3038.73,1645.62,55.78,89.08,ok,10
196,1.625833,1,0.6054,2979.92,1579.13,3039.85,1646.82,56.68,90.37,ok,10
197,1.634167,1,0.5333,2978.61,1579.29,3038.98,1648.32,55.78,91.60,ok,11
198,1.642500,1,0.6229,2977.07,1579.65,3037.92,1649.43,54.10,92.48,ok,10
199,1.650833,1,0.5777,2975.49,1579.98,3036.79,1650.37,52.33,93.20,ok,10
200,1.659167,1,0.4878,2977.04,1579.94,3038.65,1650.61,53.99,93.60,ok,10
201,1.667500,1,0.2909,2978.34,1580.11,3040.24,1650.86,54.99,93.84,ok,9
202,1.675833,1,0.2804,2978.72,1579.75,3040.83,1650.58,55.68,94.07,ok,9
203,1.684167,1,0.2646,2976.93,1579.62,3039.20,1650.24,53.99,94.05,ok,9
204,1.692500,1,0.2728,2974.79,1579.21,3037.31,1649.32,52.13,93.91,ok,10
205,1.700833,0,,,,,,,93.78,rejected-jump,9
206,1.709167,1,0.5712,2978.73,1578.83,3042.23,1647.48,55.91,93.65,ok,11
207,1.717500,1,0.7949,2979.14,1579.13,3043.41,1646.91,56.34,93.65,ok,10
208,1.725833,1,0.8296,2978.32,1579.49,3043.56,1646.18,55.37,93.69,ok,9
209,1.734167,1,0.7959,2978.76,1579.62,3045.38,1645.49,55.06,94.24,ok,9
210,1.742500,1,0.7610,2978.47,1580.05,3046.89,1645.30,54.36,95.24,ok,8
211,1.750833,1,0.4912,2979.11,1579.67,3049.83,1644.40,54.44,96.75,ok,9
212,1.759167,1,0.6602,2980.16,1580.03,3053.66,1644.38,55.65,98.76,ok,11
213,1.767500,1,0.5431,2979.12,1580.55,3055.58,1644.09,54.65,101.04,ok,9
214,1.775833,1,0.5491,2981.25,1581.47,3060.95,1644.16,54.96,103.53,ok,8
215,1.784167,1,0.4148,2980.82,1581.63,3064.20,1643.49,54.48,106.25,ok,10
216,1.792500,1,0.3849,2982.35,1580.89,3069.43,1641.99,56.44,109.12,ok,9
217,1.800833,1,0.3604,2981.40,1581.10,3072.08,1641.57,55.47,112.08,ok,8
218,1.809167,1,0.6332,2982.97,1580.80,3077.06,1640.69,56.86,114.94,ok,8
219,1.817500,1,0.6652,2982.54,1580.85,3079.65,1640.24,56.20,117.56,ok,9
220,1.825833,1,0.5979,2983.04,1580.75,3083.13,1640.13,56.48,120.31,ok,9
221,1.834167,1,0.3639,2982.55,1581.30,3085.56,1641.25,55.06,123.21,ok,11
222,1.842500,1,0.5548,2983.56,1581.22,3089.36,1641.94,56.64,126.10,ok,9
223,1.850833,1,0.5917,2984.14,1582.83,3092.41,1644.44,55.22,128.77,ok,8
224,1.859167,1,0.3702,2984.45,1582.36,3094.63,1644.70,55.27,130.84,ok,8
225,1.867500,1,0.5284,2983.08,1582.18,3094.72,1644.52,54.37,132.18,ok,8
226,1.875833,1,0.6606,2983.91,1582.28,3096.65,1644.29,54.83,133.11,ok,8
227,1.884167,1,0.5237,2984.81,1582.71,3098.65,1644.30,55.36,134.03,ok,11
228,1.892500,1,0.6753,2984.85,1582.36,3099.77,1643.56,56.24,134.93,ok,10
229,1.900833,1,0.5007,2985.01,1582.91,3101.25,1643.84,55.98,136.14,ok,10
230,1.909167,0,,,,,,,137.60,rejected-jump,9
231,1.917500,1,0.3902,2985.41,1583.08,3104.79,1644.09,56.24,139.13,ok,9
232,1.925833,1,0.5389,2985.43,1582.77,3106.41,1644.01,55.73,140.72,ok,9
233,1.934167,1,0.8130,2985.40,1583.23,3107.91,1644.94,54.86,142.30,ok,8
234,1.942500,1,0.5847,2985.59,1583.19,3109.51,1645.56,55.72,143.85,ok,8
235,1.950833,1,0.6859,2985.28,1582.86,3110.54,1646.01,55.39,145.38,ok,8
236,1.959167,1,0.4639,2985.37,1582.48,3111.52,1646.41,55.17,146.49,ok,8
237,1.967500,1,0.5257,2985.14,1582.67,3111.87,1647.00,55.14,147.15,ok,8
238,1.975833,1,0.6716,2985.04,1582.76,3111.99,1647.28,55.13,147.39,ok,9
239,1.984167,1,0.6889,2985.10,1582.87,3111.89,1647.32,55.19,147.22,ok,9
240,1.992500,1,0.4262,2985.54,1582.88,3111.85,1647.06,56.02,146.67,ok,10
241,2.000833,1,0.6772,2985.22,1582.30,3110.58,1646.01,55.85,145.60,ok,9
242,2.009167,1,0.6704,2984.83,1582.49,3109.01,1645.66,56.04,144.30,ok,10
243,2.017500,1,0.8072,2984.60,1582.60,3107.34,1644.97,54.96,142.64,ok,8
244,2.025833,1,0.5303,2985.18,1582.89,3106.35,1644.55,56.45,140.94,ok,9
245,2.034167,1,0.4950,2984.36,1583.02,3103.91,1643.82,55.59,139.17,ok,10
246,2.042500,1,0.3931,2984.65,1582.62,3102.95,1642.54,56.25,137.66,ok,9
247,2.050833,1,0.5059,2983.98,1582.03,3101.21,1641.17,56.53,136.38,ok,11
248,2.059167,1,0.6627,2983.93,1581.52,3100.35,1640.21,56.84,135.45,ok,10
249,2.067500,1,0.7213,2983.72,1581.54,3099.77,1639.95,56.68,135.01,ok,10
250,2.075833,1,0.7495,2983.49,1581.38,3099.31,1639.66,56.58,134.76,ok,10
251,2.084167,1,0.7845,2983.39,1581.33,3099.16,1639.46,56.28,134.68,ok,10
252,2.092500,1,0.7017,2983.32,1581.73,3099.02,1639.57,56.43,134.49,ok,10
253,2.100833,1,0.7792,2983.41,1581.88,3098.85,1639.42,56.33,134.16,ok,10
254,2.109167,1,0.7361,2983.61,1581.66,3098.86,1638.90,56.65,133.87,ok,10
255,2.117500,1,0.7208,2983.68,1581.71,3099.01,1638.67,56.61,133.81,ok,10
256,2.125833,1,0.7559,2983.62,1581.56,3099.08,1638.36,56.59,133.86,ok,10
257,2.134167,1,0.7673,2983.43,1581.69,3099.21,1638.43,56.71,134.12,ok,10
258,2.142500,1,0.7372,2983.22,1581.98,3099.44,1638.42,56.51,134.43,ok,11
259,2.150833,1,0.6178,2983.40,1581.59,3100.24,1637.78,56.93,134.86,ok,11
260,2.159167,1,0.5653,2983.75,1581.09,3101.34,1637.16,57.85,135.50,ok,10
261,2.167500,1,0.8618,2983.44,1581.80,3101.97,1637.63,56.29,136.33,ok,9
262,2.175833,1,0.8164,2982.46,1582.36,3101.94,1637.76,55.41,137.10,ok,9
263,2.184167,1,0.6833,2981.44,1582.11,3101.88,1637.17,54.78,137.90,ok,9
264,2.192500,1,0.5658,2982.56,1581.28,3103.73,1636.15,56.61,138.50,ok,9
265,2.200833,1,0.5410,2983.34,1581.75,3105.00,1636.41,56.38,138.89,ok,9
266,2.209167,1,0.5345,2983.46,1581.89,3105.30,1636.35,56.27,138.97,ok,9
267,2.217500,1,0.5518,2983.58,1581.97,3105.29,1636.17,56.47,138.73,ok,9
268,2.225833,1,0.3127,2983.37,1582.07,3104.63,1635.90,55.98,138.13,ok,10
269,2.234167,1,0.3871,2983.74,1582.64,3104.32,1635.93,56.31,137.29,ok,10
270,2.242500,1,0.4743,2983.19,1583.20,3103.16,1635.87,54.98,136.48,ok,10
271,2.250833,1,0.4295,2982.36,1582.84,3101.91,1634.94,54.23,135.85,ok,11
272,2.259167,1,0.3700,2981.26,1582.60,3100.60,1634.36,53.48,135.52,ok,10
273,2.267500,1,0.3785,2981.78,1582.06,3101.03,1633.59,54.50,135.35,ok,10
274,2.275833,1,0.3395,2982.60,1582.10,3101.93,1633.63,55.42,135.39,ok,10
275,2.284167,1,0.3891,2982.15,1582.21,3101.63,1633.77,54.98,135.49,ok,10
276,2.292500,1,0.2833,2981.61,1582.03,3101.09,1633.72,54.47,135.48,ok,10
277,2.300833,1,0.2551,2981.75,1582.03,3101.29,1634.03,54.49,135.60,ok,11
278,2.309167,1,0.5657,2982.32,1582.07,3101.97,1634.31,55.46,135.75,ok,11
279,2.317500,1,0.5028,2982.80,1582.13,3102.45,1634.85,55.78,135.88,ok,11
280,2.325833,1,0.6112,2982.48,1582.12,3101.85,1635.40,55.96,135.74,ok,14
281,2.334167,1,0.7053,2982.61,1582.32,3101.59,1635.99,56.51,135.50,ok,12
282,2.342500,1,0.6890,2982.14,1582.04,3100.80,1636.06,55.56,135.29,ok,12
283,2.350833,1,0.7318,2982.18,1582.09,3100.45,1636.37,56.04,135.00,ok,13
284,2.359167,1,0.7192,2981.91,1581.58,3099.55,1636.04,56.00,134.47,ok,11
285,2.367500,1,0.7489,2981.78,1581.37,3098.66,1635.86,55.85,133.73,ok,10
286,2.375833,1,0.7183,2981.89,1581.78,3097.71,1636.05,55.96,132.65,ok,9
287,2.384167,1,0.4394,2980.83,1582.15,3095.71,1636.05,55.38,131.65,ok,9
288,2.392500,1,0.3826,2981.08,1582.66,3095.26,1636.20,55.25,130.87,ok,10
289,2.400833,1,0.4415,2980.70,1582.49,3094.54,1635.71,54.81,130.47,ok,10
290,2.409167,1,0.4406,2980.18,1582.78,3094.22,1635.66,54.28,130.47,ok,9
291,2.417500,1,0.5231,2980.48,1582.55,3095.10,1635.50,54.59,131.04,ok,9
292,2.425833,1,0.5464,2980.94,1582.36,3096.35,1635.42,54.93,131.77,ok,10
293,2.434583,1,0.6510,2981.68,1582.35,3098.12,1635.52,55.68,132.80,ok,12
294,2.442917,1,0.5484,2981.42,1581.85,3098.80,1635.40,55.83,133.77,ok,11
295,2.451250,1,0.6576,2981.32,1581.87,3099.54,1635.67,55.82,134.61,ok,11
296,2.459583,1,0.6232,2981.40,1581.94,3100.38,1636.29,55.92,135.49,ok,11
297,2.467917,1,0.7080,2981.58,1581.96,3101.14,1636.79,56.52,136.19,ok,12
298,2.476250,1,0.7766,2981.37,1581.86,3101.39,1637.19,55.94,136.78,ok,14
299,2.484583,1,0.8385,2981.25,1581.88,3101.50,1637.35,55.63,137.07,ok,14
300,2.492917,1,0.6720,2981.81,1581.41,3102.01,1636.44,56.72,136.85,ok,10
301,2.501250,1,0.6902,2981.77,1581.87,3101.84,1636.05,56.34,136.43,ok,10
302,2.509583,1,0.6599,2981.33,1581.77,3101.23,1634.82,56.10,135.88,ok,10
303,2.517917,1,0.7068,2980.90,1580.64,3100.81,1632.76,56.39,135.62,ok,11
304,2.526250,1,0.6912,2979.54,1580.98,3099.72,1632.38,54.33,135.66,ok,12
305,2.534583,1,0.8183,2981.52,1580.97,3102.28,1631.74,56.02,136.05,ok,11
306,2.542917,1,0.7302,2980.36,1581.12,3101.74,1631.63,54.80,136.56,ok,10
307,2.551250,1,0.7640,2979.74,1581.16,3101.63,1631.54,54.29,137.06,ok,10
308,2.559583,1,0.8116,2977.80,1581.02,3100.30,1631.29,52.40,137.62,ok,10
309,2.567917,1,0.8041,2978.18,1581.01,3101.17,1631.13,53.20,138.05,ok,10
310,2.576250,1,0.5970,2981.44,1581.34,3104.92,1631.04,56.55,138.40,ok,10
311,2.584583,1,0.7138,2981.63,1581.81,3105.44,1631.09,56.56,138.59,ok,10
312,2.592917,1,0.8187,2981.46,1581.80,3105.35,1630.84,56.51,138.58,ok,11
313,2.601250,1,0.7776,2981.41,1581.62,3105.16,1630.43,56.50,138.35,ok,11
314,2.609583,1,0.5833,2980.27,1581.70,3103.61,1630.05,55.13,137.80,ok,11
315,2.617917,1,0.7560,2976.77,1581.99,3099.63,1629.82,51.26,137.14,ok,11
316,2.626250,1,0.7726,2979.57,1582.14,3101.86,1629.59,54.22,136.51,ok,11
317,2.634583,1,0.7204,2981.35,1582.02,3103.16,1629.04,56.03,135.90,ok,12
318,2.642917,1,0.7848,2980.62,1582.31,3102.06,1628.95,54.90,135.44,ok,11
319,2.651250,1,0.6740,2980.80,1583.10,3101.91,1629.38,54.56,135.07,ok,13
320,2.659583,1,0.6343,2980.87,1583.31,3101.83,1629.26,54.25,134.89,ok,12
321,2.667917,1,0.4940,2981.04,1583.18,3102.14,1628.79,55.00,134.97,ok,11
322,2.676250,1,0.2648,2981.97,1583.44,3103.50,1628.73,55.26,135.32,ok,10
323,2.684583,1,0.6409,2981.38,1583.57,3103.77,1628.73,55.01,136.13,ok,10
324,2.692917,1,0.5236,2981.01,1583.73,3104.50,1629.15,54.74,137.32,ok,10
325,2.701250,1,0.7889,2981.92,1582.67,3106.73,1628.41,56.41,138.68,ok,10
326,2.709583,1,0.7944,2981.22,1582.61,3107.36,1628.77,54.67,140.12,ok,11
327,2.717917,1,0.7625,2981.47,1582.59,3108.99,1629.26,55.34,141.60,ok,11
328,2.726250,1,0.7890,2981.19,1582.76,3109.99,1630.08,54.84,143.01,ok,11
329,2.734583,1,0.6565,2980.63,1582.40,3110.64,1630.58,55.24,144.41,ok,10
330,2.742917,1,0.6458,2980.77,1582.39,3111.86,1631.53,54.99,145.69,ok,10
331,2.751250,1,0.6596,2981.18,1581.71,3113.26,1631.71,55.49,146.84,ok,10
332,2.759583,1,0.6140,2981.17,1581.45,3113.88,1632.03,55.87,147.58,ok,11
333,2.767917,1,0.5950,2981.36,1581.48,3114.20,1632.27,56.18,147.75,ok,10
334,2.776250,1,0.5452,2981.15,1581.96,3113.63,1632.71,55.50,147.37,ok,11
335,2.784583,1,0.5279,2980.46,1582.00,3112.17,1632.56,54.87,146.56,ok,11
336,2.792917,1,0.5577,2980.57,1582.28,3111.35,1632.76,55.39,145.58,ok,10
337,2.801250,1,0.4514,2980.53,1582.04,3110.46,1632.59,55.70,144.73,ok,10
338,2.809583,1,0.4283,2980.97,1582.14,3110.30,1633.00,56.10,144.21,ok,11
339,2.817917,1,0.4191,2981.05,1581.83,3110.15,1633.25,56.35,144.10,ok,11
340,2.826250,0,,,,,,,144.32,rejected-jump,9
341,2.834583,0,,,,,,,144.82,rejected-jump,9
342,2.842917,1,0.4298,2981.00,1582.28,3110.97,1635.78,56.40,145.48,ok,10
343,2.851250,1,0.3755,2980.98,1582.03,3111.64,1635.84,56.61,146.19,ok,10
344,2.859583,1,0.4143,2981.14,1581.91,3112.56,1635.97,56.59,146.97,ok,10
345,2.867917,1,0.6199,2981.70,1582.00,3113.92,1636.33,56.64,147.80,ok,10
346,2.876250,1,0.6868,2981.50,1582.00,3114.59,1636.76,56.52,148.72,ok,10
347,2.884583,1,0.5913,2980.97,1582.07,3115.01,1637.42,56.02,149.78,ok,11
348,2.892917,1,0.5916,2981.74,1582.46,3116.63,1638.62,57.19,150.83,ok,10
349,2.901250,1,0.5818,2982.08,1582.78,3117.74,1639.62,57.30,151.77,ok,10
350,2.909583,1,0.5585,2981.38,1582.28,3117.59,1639.53,56.18,152.38,ok,10
351,2.917917,1,0.4926,2981.44,1582.21,3117.99,1639.32,56.48,152.65,ok,10
352,2.926250,1,0.6273,2981.58,1582.31,3118.34,1639.12,56.61,152.76,ok,10
353,2.934583,1,0.6730,2981.50,1582.08,3118.29,1638.36,56.85,152.67,ok,10
354,2.942917,1,0.7415,2981.22,1581.68,3117.76,1637.25,57.33,152.19,ok,10
355,2.951250,1,0.6533,2981.64,1581.55,3117.79,1636.48,57.69,151.68,ok,10
356,2.959583,1,0.5854,2981.22,1582.58,3116.79,1636.93,56.66,150.93,ok,10
357,2.967917,1,0.5620,2980.91,1581.86,3115.80,1635.83,56.06,150.15,ok,10
358,2.976250,1,0.7528,2980.64,1581.88,3115.01,1635.58,56.31,149.52,ok,11
359,2.984583,1,0.7927,2980.77,1582.41,3114.83,1636.54,55.58,149.35,ok,10
360,2.992917,1,0.6970,2980.54,1582.20,3114.75,1637.28,55.71,149.71,ok,11
361,3.001250,1,0.7867,2980.65,1582.06,3115.37,1638.09,56.70,150.42,ok,11
362,3.009583,1,0.7027,2980.72,1582.19,3115.91,1639.31,56.63,151.15,ok,10
363,3.017917,1,0.6545,2981.19,1581.89,3116.61,1639.92,57.28,151.61,ok,10
364,3.026250,1,0.4811,2981.41,1582.11,3116.71,1640.79,57.14,151.67,ok,10
365,3.034583,1,0.6435,2981.14,1581.73,3116.03,1640.84,57.69,151.40,ok,10
366,3.042917,1,0.7417,2981.02,1581.62,3115.22,1640.95,57.38,150.79,ok,11
367,3.051250,1,0.6810,2980.49,1581.58,3113.85,1641.12,57.29,150.06,ok,10
368,3.059583,1,0.6341,2979.26,1582.89,3111.64,1642.68,54.51,149.21,ok,11
369,3.067917,1,0.5623,2979.08,1583.81,3110.66,1643.87,54.03,148.48,ok,12
370,3.076250,1,0.4736,2980.32,1583.52,3111.18,1643.87,55.59,147.90,ok,14
371,3.084583,1,0.6256,2980.26,1583.20,3110.50,1643.81,55.84,147.40,ok,13
372,3.092917,1,0.7714,2979.95,1583.09,3109.52,1643.94,55.74,146.83,ok,11
373,3.101250,1,0.8182,2979.62,1583.79,3108.60,1644.91,54.93,146.36,ok,11
374,3.109583,1,0.8398,2979.45,1582.90,3107.71,1644.53,55.40,145.82,ok,11
375,3.117917,1,0.7277,2978.95,1582.45,3106.52,1644.45,54.64,145.27,ok,12
376,3.126250,1,0.7251,2979.33,1582.07,3106.19,1644.46,56.25,144.76,ok,12
377,3.134583,1,0.5480,2976.62,1581.83,3102.83,1644.59,53.89,144.18,ok,11
378,3.142917,1,0.6766,2973.49,1582.00,3099.08,1645.23,50.91,143.72,ok,11
379,3.151250,1,0.6928,2975.46,1581.54,3100.66,1645.38,53.21,143.56,ok,11
380,3.159583,1,0.6850,2978.43,1581.28,3103.29,1645.81,56.25,143.48,ok,11
381,3.167917,1,0.6230,2978.37,1581.53,3103.00,1646.90,56.13,143.55,ok,13
382,3.176250,1,0.7564,2978.93,1581.07,3103.26,1647.26,56.47,143.54,ok,13
383,3.184583,1,0.6723,2978.45,1581.19,3102.67,1648.02,56.78,143.67,ok,11
384,3.192917,1,0.6327,2977.88,1581.42,3102.31,1648.96,56.33,144.08,ok,11
385,3.201250,1,0.3633,2977.92,1583.05,3102.92,1651.28,54.41,144.85,ok,13
386,3.209583,1,0.3395,2978.14,1582.68,3103.79,1651.61,55.28,145.69,ok,11
387,3.217917,0,,,,,,,146.42,rejected-jump,11
388,3.226250,1,0.3316,2978.05,1581.91,3104.75,1651.79,55.67,146.97,ok,11
389,3.234583,1,0.3925,2978.38,1581.58,3105.42,1651.64,56.34,147.32,ok,11
390,3.242917,1,0.5407,2978.48,1581.77,3105.82,1651.77,56.40,147.51,ok,11
391,3.251250,1,0.5892,2978.43,1581.71,3106.11,1651.68,56.79,147.80,ok,10
392,3.259583,1,0.6379,2978.66,1581.45,3106.68,1651.26,57.36,148.03,ok,10
393,3.267917,1,0.5357,2978.05,1581.83,3106.35,1651.51,55.93,148.23,ok,10
394,3.276250,1,0.6964,2977.70,1582.10,3106.49,1651.76,55.29,148.63,ok,11
395,3.284583,1,0.5756,2978.44,1582.11,3108.03,1651.78,56.45,149.32,ok,10
396,3.292917,1,0.5298,2978.40,1582.44,3108.96,1652.36,56.37,150.29,ok,10
397,3.301250,1,0.6192,2978.23,1582.70,3109.71,1653.05,55.50,151.28,ok,11
398,3.309583,1,0.7594,2977.78,1582.38,3110.18,1653.00,55.16,152.21,ok,10
399,3.317917,1,0.6669,2977.77,1582.76,3110.97,1653.20,55.92,152.86,ok,12
400,3.326250,1,0.3462,2977.49,1582.53,3111.22,1652.62,54.63,153.18,ok,11
401,3.334583,1,0.2830,2977.61,1582.95,3111.79,1652.77,54.38,153.46,ok,11
402,3.342917,1,0.4835,2979.05,1582.96,3113.92,1652.54,55.78,153.99,ok,10
403,3.351250,1,0.5715,2978.92,1582.65,3114.83,1652.23,56.13,154.90,ok,10
404,3.359583,1,0.5951,2978.78,1582.51,3115.79,1652.22,56.11,155.99,ok,10
405,3.367917,1,0.4842,2978.25,1582.74,3116.67,1652.41,55.24,157.24,ok,10
406,3.376250,1,0.4884,2978.83,1582.72,3118.84,1652.09,55.46,158.56,ok,10
407,3.384583,1,0.3229,2978.92,1583.32,3120.64,1652.06,55.56,159.88,ok,10
408,3.392917,1,0.4431,2979.54,1582.33,3123.27,1650.09,56.58,161.39,ok,11
409,3.401250,1,0.4199,2978.70,1582.39,3124.65,1649.32,55.43,163.10,ok,13
410,3.410000,1,0.4856,2978.44,1582.61,3126.50,1649.01,55.33,164.87,ok,11
411,3.418333,1,0.4354,2978.10,1582.12,3128.21,1647.94,54.77,166.60,ok,12
412,3.426667,1,0.5679,2979.67,1582.32,3131.67,1647.47,56.57,168.15,ok,12
413,3.435000,1,0.7867,2980.46,1582.64,3133.94,1647.12,56.85,169.28,ok,12
414,3.443333,1,0.7896,2978.94,1582.36,3133.73,1646.11,54.74,170.24,ok,10
415,3.451667,1,0.7983,2976.87,1582.60,3132.51,1645.59,53.21,170.82,ok,11
416,3.460000,1,0.6624,2974.23,1583.05,3130.25,1645.29,50.44,170.94,ok,11
417,3.468333,1,0.6491,2973.99,1583.23,3130.19,1644.87,50.09,170.89,ok,11
418,3.476667,1,0.4441,2977.28,1583.83,3133.21,1644.78,52.95,170.42,ok,12
419,3.485000,1,0.2640,2979.42,1584.35,3135.02,1644.57,54.10,169.90,ok,11
420,3.493333,1,0.3287,2979.45,1583.18,3134.68,1643.00,55.43,169.39,ok,12
421,3.501667,1,0.5574,2979.49,1583.16,3134.52,1642.71,56.18,169.11,ok,10
422,3.510000,1,0.5529,2979.49,1583.15,3134.61,1642.65,56.06,169.13,ok,10
423,3.518333,1,0.3749,2979.50,1583.96,3135.12,1643.61,55.50,169.61,ok,11
424,3.526667,1,0.5343,2979.49,1584.40,3135.86,1644.39,55.17,170.40,ok,11
425,3.535000,1,0.7182,2979.81,1584.50,3137.24,1644.88,55.08,171.46,ok,11
426,3.543333,1,0.7359,2979.63,1584.04,3138.42,1644.77,54.12,172.81,ok,12
427,3.551667,1,0.7568,2980.34,1583.66,3140.60,1644.89,56.10,174.35,ok,11
428,3.560000,1,0.7919,2980.07,1583.66,3141.83,1645.48,55.51,175.93,ok,11
429,3.568333,1,0.6667,2978.87,1583.71,3142.17,1646.08,54.28,177.54,ok,11
430,3.576667,1,0.6896,2979.81,1583.46,3144.48,1646.20,55.51,178.91,ok,11
431,3.585000,1,0.7585,2980.21,1583.33,3146.08,1645.92,55.87,180.00,ok,11
432,3.593333,1,0.7437,2981.30,1583.58,3148.25,1645.90,57.04,180.95,ok,10
433,3.601667,1,0.7758,2980.89,1583.43,3148.78,1645.63,56.44,181.81,ok,11
434,3.610000,1,0.7805,2980.96,1583.37,3149.75,1645.56,56.51,182.63,ok,12
435,3.618333,1,0.7977,2981.09,1583.44,3150.66,1645.57,56.11,183.36,ok,12
436,3.626667,1,0.8302,2979.44,1583.47,3149.55,1645.58,54.70,183.83,ok,12
437,3.635000,1,0.8485,2975.81,1583.76,3146.41,1645.81,51.07,184.25,ok,12
438,3.643333,1,0.8324,2975.19,1583.71,3146.17,1645.75,50.68,184.58,ok,11
439,3.651667,1,0.7756,2976.07,1583.47,3147.36,1645.68,51.67,184.93,ok,11
440,3.660000,1,0.7726,2976.64,1583.50,3148.13,1645.71,52.17,185.07,ok,11
441,3.668333,1,0.7317,2976.91,1583.58,3148.62,1645.69,52.83,185.25,ok,11
442,3.676667,1,0.7381,2974.66,1583.86,3146.40,1645.68,50.37,185.18,ok,12
443,3.685000,1,0.7314,2974.46,1584.06,3145.92,1645.35,50.06,184.78,ok,13
444,3.693333,1,0.6415,2978.92,1583.89,3149.88,1644.41,54.60,184.12,ok,10
445,3.701667,1,0.4183,2980.83,1584.33,3151.29,1643.98,55.93,183.43,ok,12
446,3.710000,1,0.4659,2980.56,1583.42,3150.62,1642.43,57.11,182.91,ok,12
447,3.718333,1,0.6182,2980.81,1583.11,3150.65,1641.70,58.12,182.56,ok,11
448,3.726667,1,0.6166,2980.73,1582.80,3150.40,1641.60,58.27,182.44,ok,10
449,3.735000,1,0.4519,2981.25,1583.10,3150.90,1642.03,58.83,182.42,ok,11
450,3.743333,1,0.5130,2981.03,1583.21,3150.58,1642.19,58.39,182.28,ok,12
451,3.751667,1,0.5373,2981.00,1582.93,3150.45,1641.70,58.60,182.06,ok,12
452,3.760000,1,0.4527,2980.61,1583.19,3149.90,1641.52,57.69,181.77,ok,12
453,3.768333,1,0.4837,2980.02,1583.23,3149.49,1641.18,57.02,181.82,ok,12
454,3.776667,1,0.3515,2980.65,1582.94,3150.78,1641.01,57.84,182.50,ok,12
455,3.785000,1,0.2882,2977.91,1584.68,3149.40,1643.34,53.49,183.95,ok,10
456,3.793333,1,0.6572,2980.22,1584.03,3153.46,1643.95,55.71,185.96,ok,10
457,3.801667,1,0.6681,2980.74,1583.80,3155.91,1645.11,56.32,188.14,ok,11
458,3.810000,1,0.5691,2981.03,1583.79,3158.15,1646.47,57.30,190.40,ok,11
459,3.818333,1,0.3724,2979.64,1584.08,3158.83,1647.71,54.95,192.60,ok,11
460,3.826667,1,0.5832,2981.28,1583.37,3162.37,1647.77,56.68,194.62,ok,13
461,3.835000,1,0.5445,2982.18,1583.63,3164.97,1648.56,57.83,196.35,ok,12
462,3.843333,0,,,,,,,197.94,rejected-jump,10
463,3.851667,0,,,,,,,199.31,rejected-jump,9
464,3.860000,0,,,,,,,200.31,rejected-size,9
465,3.868333,1,0.3199,2982.82,1585.45,3169.65,1652.84,56.78,200.92,ok,10
466,3.876667,1,0.3614,2982.46,1585.56,3169.29,1653.30,56.26,200.94,ok,10
467,3.885000,1,0.2779,2977.06,1584.24,3163.40,1652.22,51.66,200.54,ok,10
468,3.893333,1,0.4619,2980.43,1583.60,3166.00,1651.45,55.44,199.78,ok,10
469,3.901667,1,0.4313,2981.39,1584.01,3166.19,1651.34,56.89,198.91,ok,10
470,3.910000,1,0.6065,2981.14,1584.12,3165.21,1650.70,57.14,197.99,ok,11
471,3.918333,1,0.5699,2981.07,1584.16,3164.38,1650.35,57.19,197.21,ok,11
472,3.926667,1,0.6022,2981.04,1583.68,3163.69,1649.73,57.29,196.54,ok,11
473,3.935000,1,0.6765,2981.01,1583.60,3163.30,1649.46,57.36,196.13,ok,12
474,3.943333,1,0.6893,2981.01,1583.72,3163.10,1649.49,57.41,195.97,ok,12
475,3.951667,1,0.5743,2981.16,1583.62,3163.33,1649.33,57.79,196.08,ok,12
476,3.960000,1,0.5451,2980.83,1583.80,3163.21,1649.71,57.53,196.38,ok,11
477,3.968333,1,0.5655,2980.65,1583.75,3163.21,1649.82,57.59,196.63,ok,11
478,3.976667,1,0.5983,2980.66,1583.78,3163.59,1650.03,57.17,197.06,ok,11
479,3.985000,1,0.5632,2981.23,1584.07,3164.94,1650.80,58.07,197.96,ok,13
480,3.993333,1,0.4376,2980.75,1584.28,3165.37,1651.56,56.77,199.07,ok,12
481,4.001667,1,0.5148,2980.60,1584.24,3166.25,1652.09,56.51,200.19,ok,9
482,4.010000,1,0.4501,2980.44,1584.37,3167.12,1652.50,56.02,201.30,ok,11
483,4.018333,1,0.4972,2981.36,1584.85,3168.91,1652.75,56.25,202.03,ok,10
484,4.026667,1,0.4369,2981.54,1584.65,3169.52,1652.10,56.81,202.32,ok,12
485,4.035000,1,0.5511,2981.56,1584.13,3169.97,1651.05,57.71,202.61,ok,11
486,4.043333,1,0.4327,2981.38,1583.72,3170.16,1650.08,58.12,202.81,ok,12
487,4.051667,1,0.6999,2981.26,1583.37,3170.41,1649.23,58.10,203.05,ok,11
488,4.060000,1,0.7596,2981.28,1583.91,3170.94,1649.32,57.68,203.42,ok,12
489,4.068333,1,0.7565,2981.37,1583.85,3171.90,1649.05,57.50,204.23,ok,11
490,4.076667,1,0.5979,2981.34,1584.25,3172.83,1649.34,57.21,205.12,ok,12
491,4.085000,1,0.2881,2981.80,1584.49,3174.36,1649.75,57.30,206.23,ok,12
492,4.093333,1,0.5170,2981.02,1584.65,3174.42,1650.28,56.37,207.19,ok,13
493,4.101667,1,0.4102,2981.66,1585.42,3175.79,1651.19,56.23,207.94,ok,13
494,4.110000,0,,,,,,,208.30,rejected-jump,10
495,4.118333,0,,,,,,,208.57,rejected-jump,10
496,4.126667,0,,,,,,,208.65,rejected-size,10
497,4.135000,0,,,,,,,208.76,rejected-size,9
498,4.143333,1,0.2947,2982.27,1585.29,3177.33,1651.57,57.62,208.97,ok,11
499,4.151667,1,0.4110,2981.68,1585.54,3176.90,1651.78,56.86,209.09,ok,11
500,4.160000,0,,,,,,,209.07,rejected-jump,9
501,4.168333,0,,,,,,,208.79,rejected-jump,9
502,4.176667,0,,,,,,,208.53,rejected-jump,10
503,4.185000,1,0.2970,2981.23,1585.27,3175.67,1650.87,56.18,208.10,ok,11
504,4.193333,1,0.2625,2980.04,1584.71,3174.05,1650.15,55.48,207.63,ok,11
505,4.201667,1,0.2673,2980.45,1584.71,3174.22,1650.15,56.03,207.41,ok,11
506,4.210000,1,0.3027,2980.36,1584.29,3173.95,1649.77,56.62,207.24,ok,11
507,4.218333,0,,,,,,,207.28,rejected-jump,9
508,4.226667,0,,,,,,,207.49,rejected-jump,9
509,4.235000,1,0.2806,2979.60,1584.88,3173.77,1650.10,55.22,207.70,ok,10
510,4.243333,1,0.4190,2978.29,1584.58,3172.71,1649.43,53.98,207.82,ok,11
511,4.251667,1,0.5340,2978.07,1584.14,3172.60,1648.58,54.20,207.78,ok,12
512,4.260000,1,0.3806,2979.56,1584.54,3174.22,1648.52,55.60,207.79,ok,11
513,4.268333,1,0.4381,2979.18,1584.58,3174.18,1648.49,55.26,208.07,ok,10
514,4.276667,1,0.3660,2978.98,1584.52,3174.55,1648.41,55.11,208.55,ok,10
515,4.285000,1,0.4214,2979.52,1584.49,3175.72,1648.44,55.52,209.11,ok,10
516,4.293333,1,0.4105,2979.73,1584.22,3176.52,1648.33,56.39,209.69,ok,12
517,4.301667,1,0.4770,2980.00,1584.23,3177.34,1648.33,56.69,210.16,ok,11
518,4.310000,1,0.4958,2980.04,1583.93,3177.66,1647.87,56.59,210.32,ok,11
519,4.318333,1,0.4547,2979.57,1583.99,3177.14,1647.62,56.41,210.21,ok,11
520,4.326667,1,0.4583,2979.90,1584.43,3177.10,1647.67,56.54,209.69,ok,11
521,4.335000,1,0.5748,2979.89,1584.53,3176.63,1647.34,56.75,209.13,ok,10
522,4.343333,1,0.2653,2979.97,1584.83,3176.25,1647.33,57.31,208.59,ok,10
523,4.351667,1,0.2992,2979.44,1584.71,3175.31,1646.98,56.74,208.11,ok,11
524,4.360000,1,0.3504,2979.61,1584.62,3175.08,1646.89,56.71,207.70,ok,11
525,4.368333,1,0.6028,2979.11,1584.35,3174.33,1646.51,56.62,207.36,ok,11
526,4.376667,1,0.5369,2978.96,1584.51,3173.95,1646.89,56.73,207.16,ok,11
527,4.385417,1,0.4879,2978.95,1584.62,3173.85,1647.24,56.71,207.07,ok,11
528,4.393750,1,0.5954,2978.80,1584.27,3173.81,1647.12,56.65,207.17,ok,12
529,4.402083,1,0.6615,2978.87,1584.32,3174.14,1647.21,56.39,207.42,ok,12
530,4.410417,1,0.6558,2978.88,1584.36,3174.39,1647.24,56.44,207.55,ok,12
531,4.418750,1,0.5974,2978.77,1584.46,3174.56,1647.25,56.46,207.77,ok,12
532,4.427083,1,0.6365,2978.59,1584.39,3174.61,1647.15,56.29,207.92,ok,11
533,4.435417,1,0.6028,2978.50,1584.33,3174.87,1647.06,56.20,208.18,ok,12
534,4.443750,1,0.4473,2978.58,1584.93,3175.39,1647.68,56.24,208.61,ok,10
535,4.452083,1,0.3343,2978.46,1584.99,3175.72,1647.70,56.08,208.93,ok,12
536,4.460417,1,0.3878,2978.38,1584.69,3175.85,1647.42,55.78,209.10,ok,12
537,4.468750,1,0.3770,2978.67,1584.31,3175.95,1646.94,57.06,208.83,ok,12
538,4.477083,1,0.5159,2978.07,1584.40,3174.61,1646.63,55.72,207.96,ok,13
539,4.485417,1,0.7329,2977.98,1584.22,3173.36,1645.91,56.13,206.64,ok,10
540,4.493750,1,0.6537,2978.07,1584.24,3171.87,1645.18,56.29,204.92,ok,12
541,4.502083,1,0.5349,2977.51,1584.14,3169.47,1644.27,56.63,202.92,ok,9
542,4.510417,1,0.2710,2977.02,1585.11,3167.08,1644.37,55.05,200.85,ok,9
543,4.518750,1,0.4404,2977.26,1583.36,3165.59,1641.65,57.11,198.93,ok,12
544,4.527083,1,0.5126,2976.92,1582.95,3163.85,1640.44,57.87,197.39,ok,10
545,4.535417,1,0.7312,2976.62,1583.09,3162.57,1639.83,57.48,196.24,ok,11
546,4.543750,1,0.7630,2976.28,1582.85,3161.71,1639.06,56.92,195.54,ok,11
547,4.552083,1,0.7362,2976.44,1582.90,3161.71,1638.76,57.25,195.25,ok,10
548,4.560417,1,0.6963,2976.53,1582.87,3162.01,1638.65,57.25,195.39,ok,13
549,4.568750,1,0.6488,2976.43,1582.79,3162.45,1638.67,57.14,195.88,ok,12
550,4.577083,1,0.7001,2976.44,1582.97,3163.04,1638.91,57.31,196.39,ok,10
551,4.585417,1,0.5945,2976.34,1582.81,3163.51,1638.64,57.71,196.86,ok,11
552,4.593750,1,0.6588,2975.85,1582.65,3163.40,1638.30,57.24,197.14,ok,10
553,4.602083,1,0.6717,2975.92,1582.60,3163.53,1637.97,57.47,197.10,ok,10
554,4.610417,1,0.6862,2975.69,1582.77,3163.09,1637.86,56.85,196.80,ok,11
555,4.618750,1,0.7095,2975.66,1582.63,3162.58,1637.52,56.64,196.27,ok,10
556,4.627083,1,0.6678,2975.92,1582.81,3162.06,1637.39,56.97,195.37,ok,10
557,4.635417,1,0.5851,2974.86,1583.20,3160.00,1637.42,55.99,194.24,ok,10
558,4.643750,1,0.5769,2974.72,1583.22,3158.80,1637.09,56.35,193.07,ok,10
559,4.652083,1,0.5765,2974.55,1583.33,3157.59,1636.75,55.49,191.89,ok,10
560,4.660417,1,0.4159,2975.22,1583.75,3157.24,1636.88,57.34,190.80,ok,11
561,4.668750,1,0.5648,2974.70,1583.29,3155.98,1636.24,56.70,190.00,ok,14
562,4.677083,1,0.6635,2973.86,1583.13,3154.58,1636.11,55.61,189.47,ok,12
563,4.685417,1,0.7386,2974.29,1582.93,3154.70,1635.98,56.51,189.17,ok,12
564,4.693750,1,0.7215,2974.49,1582.70,3154.83,1635.99,56.72,189.23,ok,12
565,4.702083,1,0.7459,2974.66,1582.57,3155.20,1636.10,56.98,189.49,ok,11
566,4.710417,1,0.5951,2974.21,1582.84,3155.07,1636.59,56.90,189.88,ok,11
567,4.718750,1,0.5793,2975.36,1582.44,3156.64,1636.49,58.29,190.38,ok,11
568,4.727083,1,0.4766,2974.79,1583.40,3156.49,1637.95,57.18,190.89,ok,9
569,4.735417,1,0.5504,2974.69,1583.13,3156.80,1638.17,57.40,191.42,ok,11
570,4.743750,1,0.5943,2975.09,1582.92,3157.69,1638.06,58.02,191.89,ok,7
571,4.752083,1,0.5947,2974.97,1583.23,3157.93,1638.37,57.85,192.19,ok,12
572,4.760417,1,0.5478,2974.53,1583.45,3157.70,1638.49,56.70,192.34,ok,10
573,4.768750,1,0.5601,2974.40,1583.42,3157.88,1638.40,56.76,192.58,ok,10
574,4.777083,1,0.6952,2974.28,1582.82,3157.83,1638.17,57.48,192.71,ok,11
575,4.785417,1,0.6608,2974.42,1582.83,3157.92,1638.73,56.91,192.75,ok,10
576,4.793750,1,0.7601,2974.22,1583.51,3157.69,1640.01,56.71,192.75,ok,11
577,4.802083,1,0.6521,2974.19,1583.39,3157.51,1640.46,57.13,192.68,ok,12
578,4.810417,1,0.6922,2974.53,1583.04,3157.56,1640.48,57.80,192.44,ok,11
579,4.818750,1,0.6842,2974.83,1582.97,3157.42,1640.65,58.29,192.06,ok,11
580,4.827083,1,0.6223,2974.14,1582.89,3156.41,1640.84,58.04,191.76,ok,11
581,4.835417,1,0.5518,2974.09,1582.73,3156.22,1640.97,58.19,191.64,ok,13
582,4.843750,1,0.5747,2974.33,1582.91,3156.78,1641.52,57.58,191.99,ok,10
583,4.852083,1,0.5807,2974.40,1583.77,3157.49,1642.82,56.80,192.69,ok,9
584,4.860417,1,0.4501,2974.44,1584.30,3158.43,1643.95,56.64,193.65,ok,10
585,4.868750,1,0.5104,2974.02,1584.12,3159.32,1644.52,55.49,195.04,ok,10
586,4.877083,1,0.6182,2973.90,1583.55,3160.69,1644.75,55.73,196.64,ok,11
587,4.885417,1,0.6943,2975.00,1583.34,3163.62,1645.38,56.89,198.54,ok,11
588,4.893750,1,0.8223,2974.84,1583.25,3165.32,1646.17,57.23,200.49,ok,10
589,4.902083,1,0.5351,2974.97,1583.02,3167.55,1646.69,56.55,202.62,ok,8
590,4.910417,1,0.5260,2975.46,1583.11,3170.09,1647.48,58.25,204.74,ok,8
591,4.918750,1,0.5160,2975.64,1583.00,3172.35,1648.02,58.24,206.85,ok,8
592,4.927083,0,,,,,,,208.90,rejected-jump,7
593,4.935417,0,,,,,,,210.75,rejected-jump,7
594,4.943750,1,0.4876,2976.15,1584.18,3178.06,1651.16,57.32,212.34,ok,8
595,4.952083,1,0.6038,2976.20,1584.29,3179.03,1651.54,57.13,213.29,ok,8
596,4.960417,1,0.4063,2976.71,1584.19,3180.10,1651.42,57.27,213.85,ok,8
597,4.968750,1,0.4659,2975.98,1584.16,3179.80,1651.42,57.64,214.32,ok,8
598,4.977083,1,0.4737,2975.99,1584.00,3179.87,1651.24,57.93,214.41,ok,8
599,4.985417,1,0.3908,2976.26,1584.14,3180.19,1651.50,57.66,214.50,ok,8
600,4.993750,1,0.4218,2976.32,1583.79,3180.27,1651.54,58.12,214.66,ok,8
601,5.002083,1,0.4984,2975.72,1584.41,3179.81,1652.56,56.89,214.91,ok,9
602,5.010417,1,0.5386,2975.79,1583.98,3180.04,1652.51,57.49,215.13,ok,9
603,5.018750,1,0.4219,2975.92,1583.98,3180.20,1652.76,57.49,215.28,ok,9
604,5.027083,1,0.4311,2975.95,1583.89,3180.23,1652.66,57.65,215.29,ok,9
605,5.035417,1,0.4894,2975.60,1584.00,3179.84,1652.50,57.10,215.24,ok,8
606,5.043750,1,0.5185,2975.54,1583.99,3179.82,1652.31,57.01,215.28,ok,9
607,5.052083,1,0.4671,2975.45,1584.69,3179.77,1652.89,56.76,215.32,ok,9
608,5.060417,1,0.4749,2975.67,1584.32,3179.89,1652.55,56.94,215.29,ok,9
609,5.068750,1,0.4834,2975.80,1584.45,3179.82,1652.67,56.90,215.16,ok,8
610,5.077083,1,0.4893,2975.95,1584.42,3179.59,1652.63,57.13,214.83,ok,8
611,5.085417,1,0.4665,2975.77,1584.31,3178.76,1652.29,56.96,214.21,ok,8
612,5.093750,1,0.3433,2976.15,1584.85,3178.29,1652.53,56.95,213.37,ok,8
613,5.102083,0,,,,,,,212.54,rejected-jump,7
614,5.110417,0,,,,,,,211.68,rejected-jump,8
615,5.118750,1,0.2956,2975.45,1584.38,3174.96,1651.92,57.41,210.89,ok,8
616,5.127083,1,0.5150,2975.02,1584.23,3173.61,1651.79,58.03,210.03,ok,8
617,5.135417,1,0.5677,2974.63,1583.84,3172.15,1651.37,57.68,209.03,ok,8
618,5.143750,1,0.5910,2974.82,1582.87,3171.22,1650.32,57.62,207.98,ok,8
619,5.152083,1,0.4057,2974.56,1583.31,3169.99,1650.51,58.41,207.01,ok,8
620,5.160417,1,0.5279,2969.72,1583.64,3164.31,1650.48,52.72,206.14,ok,8
621,5.168750,1,0.4303,2968.92,1583.69,3163.09,1650.07,51.97,205.67,ok,9
622,5.177083,1,0.5091,2968.84,1583.73,3162.96,1649.83,51.91,205.62,ok,8
623,5.185417,1,0.7529,2968.66,1582.83,3163.19,1648.42,52.35,205.92,ok,9
624,5.193750,1,0.7272,2974.15,1582.91,3169.53,1647.96,58.11,206.65,ok,8
625,5.202083,1,0.3897,2975.02,1582.92,3171.40,1647.53,58.20,207.57,ok,9
626,5.210417,1,0.6855,2974.10,1583.05,3171.69,1647.32,56.91,208.66,ok,9
627,5.218750,1,0.6827,2974.04,1583.54,3172.97,1647.50,56.88,209.92,ok,10
628,5.227083,1,0.5617,2974.43,1584.00,3174.73,1647.50,56.50,211.14,ok,9
629,5.235417,1,0.5937,2974.29,1583.81,3175.96,1647.04,56.29,212.43,ok,9
630,5.243750,1,0.6846,2975.32,1583.23,3178.37,1646.11,56.96,213.63,ok,11
631,5.252083,1,0.7570,2975.68,1583.54,3179.94,1645.82,57.18,214.66,ok,10
632,5.260417,1,0.8364,2975.36,1583.75,3180.68,1645.86,56.88,215.65,ok,11
633,5.268750,1,0.7913,2975.32,1583.82,3181.51,1645.99,56.77,216.50,ok,12
634,5.277083,1,0.7101,2975.55,1583.30,3182.60,1645.70,57.06,217.35,ok,12
635,5.285417,1,0.5912,2975.40,1583.54,3183.22,1646.20,56.44,218.19,ok,12
636,5.293750,1,0.5106,2975.65,1583.93,3184.17,1646.57,57.25,218.76,ok,11
637,5.302083,0,,,,,,,219.33,rejected-jump,8
638,5.310417,1,0.5695,2976.26,1583.92,3185.71,1647.19,57.94,219.78,ok,10
639,5.318750,1,0.6908,2975.74,1583.67,3185.50,1647.18,57.69,220.09,ok,9
640,5.327083,1,0.6688,2975.76,1583.72,3185.58,1647.27,57.78,220.14,ok,9
641,5.335417,1,0.5592,2975.96,1583.63,3185.71,1647.10,57.87,220.01,ok,9
642,5.343750,1,0.4097,2976.08,1583.60,3185.56,1646.92,57.95,219.69,ok,9
643,5.352083,1,0.2872,2976.29,1583.80,3185.40,1647.05,58.11,219.29,ok,10
644,5.360833,1,0.4319,2976.05,1583.66,3184.72,1647.15,57.67,218.91,ok,9
645,5.369167,1,0.3960,2975.71,1583.61,3184.17,1647.51,57.18,218.75,ok,9
646,5.377500,1,0.4708,2974.43,1583.43,3182.95,1647.93,55.95,218.93,ok,9
647,5.385833,1,0.2797,2970.20,1583.95,3178.71,1649.22,51.97,218.99,ok,9
648,5.394167,1,0.3166,2970.83,1584.58,3179.16,1650.58,51.92,218.99,ok,9
649,5.402500,1,0.3228,2973.55,1584.96,3181.69,1651.58,54.38,218.93,ok,9
650,5.410833,1,0.4356,2975.16,1584.67,3182.96,1651.82,56.58,218.74,ok,9
651,5.419167,1,0.4816,2975.14,1585.07,3182.52,1652.72,56.30,218.46,ok,9
652,5.427500,1,0.5727,2974.79,1584.60,3181.68,1652.66,56.18,218.05,ok,9
653,5.435833,1,0.5470,2974.47,1584.39,3180.80,1652.87,56.81,217.58,ok,9
654,5.444167,1,0.5530,2974.41,1583.78,3180.13,1652.64,57.09,217.07,ok,10
655,5.452500,1,0.6420,2974.61,1583.49,3179.70,1652.59,57.39,216.50,ok,9
656,5.460833,1,0.7337,2974.20,1583.71,3178.73,1653.02,56.88,215.96,ok,9
657,5.469167,1,0.6819,2974.32,1583.29,3178.46,1653.00,57.33,215.65,ok,9
658,5.477500,1,0.6994,2974.35,1583.06,3178.37,1653.32,57.07,215.65,ok,10
659,5.485833,1,0.7487,2973.99,1583.30,3178.48,1654.27,57.08,216.23,ok,9
660,5.494167,1,0.7291,2974.10,1583.91,3179.16,1655.62,56.91,216.94,ok,10
661,5.502500,1,0.6480,2974.40,1583.62,3180.01,1656.19,57.85,217.65,ok,9
662,5.510833,1,0.5727,2974.95,1583.70,3181.11,1657.08,57.62,218.40,ok,9
663,5.519167,1,0.5362,2975.05,1583.70,3181.78,1657.72,58.08,219.08,ok,9
664,5.527500,1,0.6486,2975.01,1583.56,3182.15,1658.12,58.21,219.63,ok,9
665,5.535833,1,0.6218,2974.85,1585.31,3182.39,1660.45,56.42,220.14,ok,8
666,5.544167,1,0.6516,2974.62,1585.65,3182.49,1661.26,56.02,220.58,ok,10
667,5.552500,1,0.6526,2974.64,1584.99,3182.78,1661.00,56.51,220.88,ok,11
668,5.560833,1,0.6370,2974.57,1584.69,3182.66,1661.00,56.53,220.87,ok,10
669,5.569167,1,0.7253,2974.31,1584.65,3182.38,1661.16,56.29,220.86,ok,9
670,5.577500,1,0.7516,2974.45,1584.39,3182.62,1661.03,56.91,220.97,ok,9
671,5.585833,1,0.6985,2973.96,1584.41,3183.00,1661.28,56.06,221.85,ok,10
672,5.594167,1,0.5946,2974.36,1584.78,3184.91,1661.98,56.10,223.36,ok,10
673,5.602500,1,0.3667,2974.79,1584.99,3187.39,1662.53,56.39,225.40,ok,9
674,5.610833,1,0.5919,2974.61,1584.95,3189.48,1662.78,56.54,227.63,ok,10
675,5.619167,1,0.6182,2974.20,1585.25,3191.24,1663.46,55.62,229.82,ok,10
676,5.627500,1,0.7117,2975.47,1584.46,3194.41,1663.04,56.28,231.76,ok,9
677,5.635833,1,0.6722,2976.60,1584.82,3197.18,1663.64,58.00,233.35,ok,10
678,5.644167,1,0.6736,2976.34,1584.72,3198.09,1663.78,58.23,234.51,ok,9
679,5.652500,1,0.5393,2976.75,1584.48,3199.22,1663.77,57.76,235.23,ok,10
680,5.660833,1,0.5459,2976.41,1584.30,3199.22,1663.86,57.70,235.59,ok,9
681,5.669167,1,0.6221,2975.55,1584.14,3198.06,1663.94,57.14,235.32,ok,9
682,5.677500,1,0.5614,2976.08,1583.90,3197.87,1663.88,58.37,234.60,ok,8
683,5.685833,1,0.7632,2975.38,1584.12,3195.76,1663.98,57.79,233.17,ok,9
684,5.694167,1,0.4850,2974.09,1584.41,3192.65,1664.03,56.42,231.30,ok,8
685,5.702500,1,0.5368,2972.57,1585.00,3189.02,1664.49,55.04,229.23,ok,10
686,5.710833,1,0.3378,2974.41,1584.41,3188.43,1663.67,57.39,226.80,ok,9
687,5.719167,1,0.7131,2973.77,1583.71,3185.26,1662.61,57.47,224.29,ok,10
688,5.727500,1,0.7950,2972.92,1583.09,3181.94,1661.77,56.89,221.87,ok,10
689,5.735833,1,0.8478,2972.53,1583.64,3179.46,1662.20,56.76,219.81,ok,10
690,5.744167,1,0.8408,2972.46,1583.53,3177.80,1662.07,56.46,218.31,ok,9
691,5.752500,1,0.8102,2972.22,1584.02,3176.53,1662.64,56.22,217.37,ok,9
692,5.760833,1,0.7799,2971.56,1583.89,3175.33,1662.50,55.75,216.82,ok,9
693,5.769167,1,0.7563,2971.31,1583.80,3175.08,1662.42,55.68,216.86,ok,9
694,5.777500,1,0.7864,2971.86,1583.80,3176.01,1662.73,56.06,217.33,ok,8
695,5.785833,1,0.7920,2972.48,1583.63,3177.53,1662.99,56.74,218.27,ok,8
696,5.794167,1,0.7946,2972.56,1583.27,3178.71,1663.14,57.14,219.49,ok,8
697,5.802500,1,0.7617,2973.00,1583.28,3180.38,1663.75,58.01,220.82,ok,9
698,5.810833,1,0.5305,2972.06,1583.06,3180.77,1664.07,56.91,222.24,ok,9
699,5.819167,1,0.6867,2969.93,1582.99,3179.82,1664.57,54.17,223.50,ok,9
700,5.827500,1,0.5485,2972.79,1583.11,3183.66,1665.16,57.60,224.52,ok,10
701,5.835833,1,0.5172,2973.34,1585.19,3184.96,1667.62,56.73,225.32,ok,10
702,5.844167,1,0.5621,2973.25,1584.24,3185.34,1666.86,57.49,225.81,ok,12
703,5.852500,1,0.5187,2973.41,1584.16,3185.79,1666.79,57.85,226.04,ok,9
704,5.860833,1,0.5399,2973.30,1583.95,3185.74,1666.36,58.22,226.01,ok,9
705,5.869167,1,0.6269,2973.54,1583.19,3186.00,1665.06,58.63,225.80,ok,11
706,5.877500,1,0.6875,2973.19,1583.38,3185.71,1664.55,58.38,225.67,ok,9
707,5.885833,1,0.6474,2973.11,1583.32,3186.22,1663.86,58.02,226.00,ok,8
708,5.894167,1,0.7569,2972.79,1583.69,3186.77,1663.61,56.97,226.68,ok,9
709,5.902500,1,0.6979,2973.12,1584.40,3188.49,1663.65,56.92,227.76,ok,8
710,5.910833,1,0.6070,2972.89,1583.81,3189.77,1662.40,56.75,229.06,ok,9
711,5.919167,1,0.6273,2972.35,1584.41,3190.76,1662.36,55.38,230.37,ok,8
712,5.927500,1,0.6871,2973.07,1584.26,3193.03,1661.60,55.57,231.73,ok,9
713,5.935833,1,0.7618,2974.42,1583.84,3195.94,1660.65,57.17,233.08,ok,9
714,5.944167,1,0.7618,2974.14,1585.40,3197.12,1661.90,55.66,234.42,ok,10
715,5.952500,1,0.5173,2974.56,1585.37,3198.82,1661.67,56.18,235.61,ok,9
716,5.960833,1,0.3656,2974.13,1584.91,3199.16,1661.04,55.87,236.35,ok,9
717,5.969167,1,0.4135,2974.33,1585.23,3199.67,1661.04,56.07,236.59,ok,9
718,5.977500,1,0.3911,2974.55,1585.48,3199.66,1660.96,55.86,236.29,ok,8
719,5.985833,1,0.5812,2974.32,1584.09,3198.55,1658.99,57.14,235.34,ok,9
720,5.994167,1,0.5302,2974.35,1583.54,3197.03,1657.62,58.21,233.69,ok,8
721,6.002500,1,0.6852,2973.90,1583.42,3194.80,1656.63,57.92,231.79,ok,8
722,6.010833,1,0.6735,2972.96,1583.92,3191.67,1656.21,57.34,229.36,ok,9
723,6.019167,1,0.5804,2972.89,1583.94,3189.35,1655.62,57.68,227.02,ok,8
724,6.027500,1,0.5141,2972.70,1583.11,3187.15,1654.18,57.96,224.93,ok,10
725,6.035833,1,0.5511,2971.90,1583.70,3184.85,1654.53,56.92,223.36,ok,9
726,6.044167,1,0.5526,2971.60,1583.06,3183.48,1654.23,57.04,222.45,ok,11
727,6.052500,1,0.4875,2971.41,1582.91,3182.75,1654.64,56.66,222.06,ok,11
728,6.060833,1,0.5296,2971.77,1583.17,3182.79,1655.29,56.79,221.87,ok,12
729,6.069167,1,0.6182,2971.57,1583.18,3182.52,1655.79,56.51,221.92,ok,12
730,6.077500,1,0.6002,2971.57,1583.17,3182.69,1656.20,56.65,222.28,ok,10
731,6.085833,1,0.5702,2971.19,1583.40,3182.70,1656.45,56.27,222.60,ok,12
732,6.094167,1,0.4087,2971.25,1583.69,3183.13,1656.51,56.33,222.90,ok,10
733,6.102500,1,0.2944,2971.32,1583.75,3183.74,1656.46,56.51,223.36,ok,11
734,6.110833,1,0.3386,2971.99,1583.59,3184.94,1656.09,57.21,223.77,ok,11
735,6.119167,1,0.3792,2971.86,1583.40,3185.48,1655.70,57.37,224.32,ok,10
736,6.127500,1,0.3331,2972.11,1583.44,3186.14,1655.58,57.76,224.66,ok,10
737,6.135833,1,0.3319,2972.46,1583.29,3186.78,1655.37,58.51,224.90,ok,10
738,6.144167,1,0.3677,2972.16,1583.30,3186.55,1655.22,58.18,224.91,ok,11
739,6.152500,1,0.4542,2971.69,1583.19,3186.10,1654.65,57.45,224.79,ok,11
740,6.160833,1,0.5576,2972.17,1583.14,3186.73,1654.08,57.87,224.82,ok,12
741,6.169167,1,0.4202,2972.65,1583.17,3187.36,1653.61,58.49,224.85,ok,10
742,6.177500,1,0.4393,2972.13,1583.02,3187.19,1652.88,57.90,225.05,ok,10
743,6.185833,1,0.5429,2971.27,1583.17,3186.42,1652.51,56.70,225.00,ok,9
744,6.194167,1,0.4933,2971.48,1583.24,3186.67,1652.17,56.71,224.92,ok,9
745,6.202500,1,0.5264,2972.19,1582.82,3187.37,1651.46,57.98,224.77,ok,9
746,6.210833,1,0.4649,2971.05,1583.49,3185.92,1652.12,56.33,224.46,ok,10
747,6.219167,1,0.4711,2971.14,1583.77,3185.40,1652.38,56.16,223.78,ok,11
748,6.227500,1,0.2739,2971.54,1583.99,3184.99,1652.41,56.74,222.88,ok,11
749,6.235833,0,,,,,,,221.62,rejected-jump,10
750,6.244167,0,,,,,,,220.23,rejected-jump,9
751,6.252500,1,0.6546,2970.81,1582.32,3180.67,1648.67,57.72,218.76,ok,10
752,6.260833,1,0.6504,2969.55,1582.06,3177.99,1647.75,56.78,217.23,ok,9
753,6.269167,1,0.4562,2969.33,1582.61,3176.43,1647.74,55.91,215.79,ok,9
754,6.277500,1,0.3596,2969.37,1582.73,3175.19,1647.47,56.18,214.46,ok,11
755,6.285833,1,0.6419,2969.21,1582.43,3174.07,1646.98,56.60,213.50,ok,10
756,6.294167,1,0.6289,2968.95,1582.43,3172.95,1646.87,56.47,212.69,ok,10
757,6.302500,1,0.7586,2969.51,1582.47,3172.85,1646.82,57.17,212.03,ok,10
758,6.310833,1,0.5411,2970.07,1582.41,3172.79,1646.93,58.08,211.53,ok,10
759,6.319167,1,0.4811,2969.96,1582.12,3172.33,1646.91,57.94,211.28,ok,9
760,6.327500,1,0.5834,2969.57,1581.91,3171.70,1647.02,57.29,211.13,ok,9
761,6.336250,1,0.7701,2969.19,1581.84,3170.90,1647.25,57.25,210.78,ok,9
762,6.344583,1,0.7137,2968.79,1581.83,3169.92,1647.56,57.41,210.27,ok,9
763,6.352917,1,0.7485,2968.79,1581.63,3169.18,1647.43,57.63,209.51,ok,10
764,6.361250,1,0.7017,2968.14,1581.74,3167.48,1647.58,56.89,208.51,ok,9
765,6.369583,1,0.8259,2968.55,1581.67,3166.81,1647.10,57.07,207.30,ok,10
766,6.377917,1,0.4599,2969.34,1581.83,3166.35,1646.77,57.64,205.94,ok,9
767,6.386250,1,0.6138,2968.88,1581.72,3164.62,1646.20,57.39,204.53,ok,12
768,6.394583,1,0.5596,2968.27,1581.59,3162.64,1645.70,56.43,203.10,ok,9
769,6.402917,1,0.5619,2965.24,1582.07,3158.13,1645.87,53.85,201.57,ok,8
770,6.411250,1,0.6310,2967.03,1582.38,3158.31,1645.83,55.85,199.91,ok,10
771,6.419583,1,0.6628,2967.25,1582.73,3156.90,1645.68,55.18,198.20,ok,9
772,6.427917,1,0.3915,2967.45,1581.67,3155.60,1644.49,56.42,196.76,ok,9
773,6.436250,1,0.4983,2966.21,1581.81,3153.09,1644.70,54.93,195.56,ok,9
774,6.444583,1,0.5174,2966.18,1581.62,3152.17,1644.80,55.89,194.80,ok,11
775,6.452917,1,0.5061,2961.54,1581.51,3146.92,1644.96,51.51,194.29,ok,10
776,6.461250,1,0.5810,2963.20,1581.45,3148.00,1645.07,53.10,193.81,ok,10
777,6.469583,1,0.6076,2966.95,1581.65,3151.28,1645.53,56.62,193.43,ok,10
778,6.477917,1,0.7506,2964.36,1581.65,3148.59,1645.85,53.80,193.44,ok,9
779,6.486250,1,0.7245,2963.55,1581.49,3148.03,1645.99,52.99,193.78,ok,9
780,6.494583,1,0.6183,2964.81,1581.17,3149.70,1645.98,54.41,194.26,ok,9
781,6.502917,1,0.4014,2967.04,1581.05,3152.80,1646.34,57.28,195.26,ok,10
782,6.511250,1,0.3498,2967.93,1581.12,3154.73,1647.02,58.12,196.39,ok,10
783,6.519583,1,0.7189,2967.31,1580.95,3155.08,1647.59,57.82,197.52,ok,10
784,6.527917,1,0.5209,2967.76,1580.73,3156.35,1648.21,58.31,198.52,ok,10
785,6.536250,1,0.4517,2967.98,1580.61,3157.17,1648.74,58.81,199.24,ok,10
786,6.544583,1,0.7141,2966.72,1581.33,3156.00,1649.99,56.93,199.45,ok,8
787,6.552917,1,0.5689,2967.25,1581.32,3156.10,1650.50,58.04,199.20,ok,9
788,6.561250,1,0.7088,2966.96,1581.42,3155.05,1650.96,56.92,198.59,ok,9
789,6.569583,1,0.5089,2966.77,1581.98,3153.76,1651.61,56.24,197.56,ok,10
790,6.577917,1,0.3024,2966.70,1582.84,3152.39,1652.58,56.08,196.41,ok,9
791,6.586250,1,0.3911,2966.08,1581.90,3150.36,1651.81,56.00,195.18,ok,9
792,6.594583,1,0.6432,2966.25,1581.37,3148.86,1651.33,56.80,193.63,ok,9
793,6.602917,1,0.7341,2966.02,1580.50,3146.85,1650.35,57.04,191.96,ok,11
794,6.611250,1,0.5125,2965.67,1582.02,3144.60,1651.66,56.94,190.13,ok,11
795,6.619583,1,0.3627,2965.23,1581.02,3142.36,1650.20,56.56,188.29,ok,10
796,6.627917,1,0.3989,2965.06,1580.69,3140.44,1649.35,56.86,186.48,ok,10
797,6.636250,1,0.6384,2965.34,1579.79,3139.34,1647.72,57.75,184.91,ok,10
798,6.644583,1,0.7785,2964.61,1579.91,3137.43,1647.27,57.41,183.59,ok,9
799,6.652917,1,0.8248,2964.45,1580.35,3136.44,1647.22,56.40,182.66,ok,9
800,6.661250,1,0.7645,2963.62,1580.34,3135.09,1647.15,56.27,182.15,ok,9
801,6.669583,1,0.7269,2963.68,1580.14,3134.95,1647.19,56.08,182.02,ok,10
802,6.677917,1,0.8582,2963.95,1580.02,3135.53,1647.49,56.24,182.42,ok,9
803,6.686250,1,0.8115,2963.35,1580.21,3135.46,1648.44,56.42,183.17,ok,9
804,6.694583,1,0.6615,2963.75,1580.44,3136.49,1649.40,56.54,183.94,ok,9
805,6.702917,1,0.7168,2964.82,1580.02,3138.16,1649.78,57.42,184.79,ok,10
806,6.711250,1,0.6712,2964.46,1580.80,3138.29,1651.36,56.16,185.51,ok,9
807,6.719583,1,0.7622,2964.91,1580.63,3138.81,1651.61,56.65,185.71,ok,10
808,6.727917,1,0.7017,2964.33,1580.59,3138.09,1651.74,56.28,185.69,ok,10
809,6.736250,1,0.7295,2964.37,1580.60,3137.96,1651.80,56.55,185.60,ok,10
810,6.744583,1,0.7715,2964.46,1580.63,3137.80,1651.67,56.42,185.30,ok,10
811,6.752917,1,0.7214,2964.76,1580.92,3137.83,1651.76,56.65,184.99,ok,9
812,6.761250,1,0.7679,2964.84,1580.84,3137.79,1651.65,56.70,184.91,ok,10
813,6.769583,1,0.7902,2964.78,1580.79,3137.94,1651.57,56.48,185.10,ok,9
814,6.777917,1,0.7924,2964.31,1580.63,3138.10,1651.54,55.89,185.72,ok,10
815,6.786250,1,0.8314,2964.83,1580.83,3139.42,1651.61,56.40,186.43,ok,9
816,6.794583,1,0.7145,2964.96,1581.08,3140.38,1651.54,57.22,187.05,ok,9
817,6.802917,1,0.7780,2965.20,1580.97,3141.59,1650.91,57.03,187.78,ok,11
818,6.811250,1,0.3583,2965.34,1581.61,3142.86,1651.26,55.76,188.78,ok,11
819,6.819583,1,0.4190,2965.40,1582.25,3144.09,1651.63,55.85,189.77,ok,10
820,6.827917,1,0.7166,2965.46,1581.44,3145.28,1650.78,56.38,190.83,ok,11
821,6.836250,1,0.7462,2965.85,1580.99,3146.40,1650.13,57.08,191.48,ok,10
822,6.844583,1,0.7517,2965.99,1581.05,3146.98,1649.79,57.23,191.77,ok,10
823,6.852917,1,0.8061,2966.04,1580.83,3147.20,1648.94,57.95,191.76,ok,10
824,6.861250,1,0.6229,2966.07,1581.11,3147.18,1648.42,57.12,191.49,ok,10
825,6.869583,1,0.6719,2965.64,1581.13,3146.63,1647.76,56.64,191.21,ok,10
826,6.877917,1,0.5739,2965.31,1581.20,3146.37,1647.42,56.13,191.22,ok,10
827,6.886250,1,0.6822,2965.74,1581.23,3146.96,1647.13,56.35,191.31,ok,10
828,6.894583,1,0.6402,2965.15,1581.21,3146.53,1647.09,55.87,191.49,ok,9
829,6.902917,1,0.6677,2965.27,1581.00,3146.91,1646.75,56.01,191.70,ok,11
830,6.911250,1,0.6879,2965.95,1581.20,3147.85,1646.76,56.81,191.93,ok,10
831,6.919583,1,0.7596,2965.83,1581.14,3148.09,1646.45,56.87,192.21,ok,9
832,6.927917,1,0.7080,2966.13,1581.29,3148.81,1646.41,57.35,192.55,ok,10
833,6.936250,1,0.8240,2965.71,1581.28,3148.89,1646.08,56.71,192.95,ok,11
834,6.944583,1,0.8586,2965.77,1581.21,3149.53,1645.74,56.75,193.42,ok,11
835,6.952917,1,0.8177,2965.99,1581.34,3150.45,1645.68,56.70,194.00,ok,9
836,6.961250,1,0.8418,2965.85,1581.48,3150.81,1645.69,56.48,194.42,ok,9
837,6.969583,1,0.8597,2964.14,1581.69,3149.53,1645.62,54.59,194.76,ok,9
838,6.977917,1,0.8506,2963.33,1581.54,3148.81,1645.21,54.26,194.73,ok,9
839,6.986250,1,0.8926,2962.73,1581.73,3148.33,1645.20,53.74,194.79,ok,10
840,6.994583,1,0.8939,2961.80,1581.64,3147.60,1645.36,52.86,195.10,ok,9
841,7.002917,1,0.9045,2963.11,1581.69,3149.21,1645.85,53.88,195.51,ok,10
842,7.011250,1,0.9214,2964.80,1581.78,3151.33,1646.51,56.16,196.02,ok,10
843,7.019583,1,0.9235,2964.95,1581.83,3151.98,1647.22,56.52,196.67,ok,10
844,7.027917,1,0.8425,2960.93,1581.43,3148.56,1647.53,52.68,197.46,ok,10
845,7.036250,1,0.7617,2964.81,1581.46,3153.42,1648.41,56.35,198.58,ok,9
846,7.044583,1,0.6312,2964.89,1580.70,3154.66,1648.72,55.94,199.95,ok,10
847,7.052917,1,0.5931,2965.30,1581.80,3156.37,1651.01,55.24,201.51,ok,7
848,7.061250,1,0.7510,2965.65,1582.39,3158.02,1652.70,57.32,203.02,ok,8
849,7.069583,1,0.8101,2965.34,1582.39,3159.36,1653.62,55.65,204.80,ok,7
850,7.077917,1,0.8505,2966.22,1582.90,3162.09,1655.05,58.30,206.80,ok,9
851,7.086250,1,0.8313,2967.24,1583.02,3164.92,1656.32,58.02,208.85,ok,8
852,7.094583,1,0.8299,2966.77,1582.64,3165.91,1656.88,57.53,210.49,ok,10
853,7.102917,1,0.7829,2964.63,1582.46,3164.82,1657.27,54.89,211.64,ok,9
854,7.111250,1,0.7472,2965.71,1583.84,3166.57,1659.19,54.90,212.44,ok,10
855,7.119583,1,0.8041,2967.66,1584.00,3169.00,1659.84,57.97,213.04,ok,9
856,7.127917,1,0.8273,2967.58,1583.84,3168.98,1660.13,58.10,213.24,ok,10
857,7.136250,1,0.8511,2967.95,1583.79,3169.31,1660.45,57.80,213.30,ok,9
858,7.144583,1,0.8488,2968.88,1584.14,3169.97,1661.22,58.89,213.15,ok,9
859,7.152917,1,0.8680,2967.90,1583.94,3168.88,1661.15,57.41,213.05,ok,9
860,7.161250,1,0.8053,2967.57,1583.40,3168.17,1660.81,57.29,212.77,ok,9
861,7.169583,1,0.8493,2961.00,1581.34,3161.15,1658.80,56.66,212.39,ok,8
862,7.177917,1,0.7590,2930.80,1567.98,3130.27,1645.49,57.34,211.82,ok,10
863,7.186250,1,0.8898,2902.09,1553.16,3100.71,1630.78,55.05,211.13,ok,9
864,7.194583,1,0.7841,2872.55,1538.87,3070.55,1616.70,55.69,210.70,ok,11
865,7.202917,1,0.7459,2843.45,1526.24,3041.23,1604.55,56.02,210.69,ok,9
866,7.211250,1,0.8109,2814.72,1511.53,3012.45,1590.39,54.52,210.89,ok,9
867,7.219583,1,0.9414,2786.41,1499.17,2984.21,1578.58,54.16,211.23,ok,9
868,7.227917,1,0.9318,2759.06,1486.83,2956.75,1566.45,54.64,211.28,ok,9
869,7.236250,1,0.8979,2731.55,1474.98,2928.94,1554.50,54.53,211.02,ok,9
870,7.244583,1,0.9394,2703.16,1462.25,2900.62,1541.36,54.77,211.03,ok,9
871,7.252917,1,0.9447,2676.81,1451.10,2874.51,1529.65,53.15,211.13,ok,11
872,7.261250,1,0.8317,2648.70,1440.26,2846.72,1518.35,53.76,211.34,ok,10
873,7.269583,1,0.9158,2623.29,1428.50,2821.91,1506.17,53.18,211.81,ok,9
874,7.277917,1,0.8582,2595.68,1418.14,2794.99,1495.61,53.46,212.50,ok,10
875,7.286250,1,0.9401,2569.24,1407.20,2769.53,1484.52,53.57,213.43,ok,9
876,7.294583,1,0.9118,2542.67,1396.64,2744.05,1474.27,52.03,214.60,ok,10
877,7.302917,1,0.8708,2515.45,1386.76,2718.10,1464.85,52.53,215.96,ok,9
878,7.311667,1,0.9301,2489.98,1375.61,2693.95,1454.23,52.38,217.40,ok,9
879,7.320000,1,0.9443,2464.52,1365.41,2669.73,1444.57,52.21,218.77,ok,9
880,7.328333,1,0.9526,2439.33,1355.10,2645.60,1434.92,52.62,220.02,ok,10
881,7.336667,1,0.9576,2415.51,1345.95,2622.86,1426.37,51.36,221.26,ok,9
882,7.345000,1,0.9295,2390.51,1337.30,2598.98,1418.16,51.19,222.50,ok,9
883,7.353333,1,0.8721,2366.33,1327.92,2576.00,1409.35,51.34,223.83,ok,9
884,7.361667,1,0.6276,2341.96,1319.14,2552.68,1401.25,51.09,225.08,ok,9
885,7.370000,1,0.5509,2318.23,1312.03,2529.99,1394.79,51.57,226.30,ok,8
886,7.378333,1,0.9089,2292.41,1301.64,2505.13,1385.07,47.55,227.45,ok,9
887,7.386667,1,0.8807,2270.93,1294.63,2484.53,1378.68,49.40,228.52,ok,12
888,7.395000,1,0.9413,2247.70,1286.03,2462.00,1370.53,49.31,229.36,ok,11
889,7.403333,1,0.7882,2223.86,1278.73,2438.90,1363.60,49.58,230.20,ok,13
890,7.411667,0,,,,,,,231.14,rejected-size,10
891,7.420000,1,0.6059,2177.90,1263.91,2394.60,1349.85,47.88,232.16,ok,9
892,7.428333,0,,,,,,,233.38,rejected-size,11
893,7.436667,0,,,,,,,234.89,rejected-size,8
894,7.445000,0,,,,,,,236.49,rejected-size,9
895,7.453333,0,,,,,,,238.22,rejected-size,9
896,7.461667,0,,,,,,,239.88,rejected-size,9
897,7.470000,0,,,,,,,241.54,rejected-size,8
898,7.478333,0,,,,,,,242.96,rejected-size,8
899,7.486667,1,0.4278,2004.80,1211.96,2232.21,1303.09,45.16,244.23,ok,10
900,7.495000,0,,,,,,,245.33,rejected-jump,9
901,7.503333,1,0.4100,1964.33,1201.69,2193.64,1293.11,44.67,246.17,ok,10
902,7.511667,0,,,,,,,246.86,rejected-jump,9
903,7.520000,1,0.4141,1922.85,1190.55,2153.53,1281.63,44.37,247.42,ok,11
904,7.528333,1,0.3458,1902.33,1185.13,2133.52,1275.84,41.89,247.78,ok,10
905,7.536667,1,0.9144,1884.36,1180.61,2115.97,1271.16,44.64,248.17,ok,9
906,7.545000,1,0.9264,1864.36,1175.40,2096.26,1265.75,45.11,248.40,ok,9
907,7.553333,1,0.7984,1845.64,1171.73,2077.74,1262.04,45.12,248.61,ok,9
908,7.561667,1,0.7421,1825.78,1167.96,2057.87,1258.22,45.68,248.61,ok,10
909,7.570000,1,0.9087,1807.32,1163.02,2039.26,1253.00,44.96,248.39,ok,9
910,7.578333,1,0.7710,1787.81,1159.50,2019.68,1249.26,43.71,248.29,ok,9
911,7.586667,1,0.6181,1769.43,1154.81,2001.17,1244.31,43.65,248.09,ok,9
912,7.595000,1,0.5054,1751.25,1151.98,1982.93,1241.25,43.21,247.98,ok,10
913,7.603333,1,0.8492,1731.72,1148.47,1963.44,1237.40,44.74,247.93,ok,9
914,7.611667,1,0.5525,1713.50,1144.49,1945.53,1233.12,44.67,248.14,ok,12
915,7.620000,1,0.8016,1694.65,1141.68,1927.25,1230.08,43.83,248.62,ok,11
916,7.628333,0,,,,,,,249.46,rejected-jump,10
917,7.636667,1,0.7425,1657.40,1135.01,1892.03,1223.55,43.25,250.61,ok,12
918,7.645000,1,0.2781,1639.83,1131.85,1875.75,1220.68,42.32,251.94,ok,11
919,7.653333,1,0.7767,1621.63,1129.00,1859.04,1218.11,41.39,253.45,ok,10
920,7.661667,1,0.5798,1603.95,1127.12,1842.84,1216.65,43.08,255.00,ok,10
921,7.670000,1,0.8965,1586.96,1124.83,1827.10,1214.79,43.39,256.33,ok,9
922,7.678333,1,0.7466,1569.68,1121.98,1810.87,1212.25,42.81,257.44,ok,12
923,7.686667,1,0.8760,1552.85,1119.93,1794.86,1210.43,42.94,258.30,ok,10
924,7.695000,1,0.7358,1534.31,1118.02,1777.09,1208.57,42.81,259.04,ok,11
925,7.703333,1,0.8136,1516.74,1117.08,1760.09,1207.70,44.33,259.59,ok,9
926,7.711667,1,0.7815,1498.44,1115.37,1742.43,1206.03,41.48,260.19,ok,9
927,7.720000,1,0.8076,1483.33,1114.43,1727.94,1205.22,43.28,260.80,ok,8
928,7.728333,1,0.8446,1466.28,1112.88,1711.38,1203.82,43.84,261.31,ok,10
929,7.736667,1,0.5166,1448.43,1109.91,1694.01,1201.01,42.07,261.82,ok,10
930,7.745000,1,0.8213,1431.69,1108.18,1677.71,1199.41,41.57,262.28,ok,11
931,7.753333,1,0.9427,1415.46,1108.08,1661.79,1199.43,42.63,262.61,ok,10
932,7.761667,1,0.9415,1398.87,1107.23,1645.44,1198.87,42.69,262.95,ok,10
933,7.770000,1,0.8531,1382.84,1106.61,1629.60,1198.62,43.39,263.24,ok,10
934,7.778333,1,0.8880,1366.62,1105.67,1613.62,1198.19,42.19,263.65,ok,10
935,7.786667,1,0.8216,1350.63,1104.60,1597.90,1197.73,43.01,264.10,ok,10
936,7.795000,1,0.8897,1335.01,1103.86,1582.51,1197.52,41.73,264.52,ok,10
937,7.803333,1,0.9038,1319.02,1104.11,1566.86,1198.27,42.57,265.00,ok,10
938,7.811667,1,0.8594,1302.65,1103.17,1550.82,1197.84,42.45,265.49,ok,10
939,7.820000,1,0.8731,1286.39,1103.98,1535.02,1198.94,43.02,266.01,ok,10
940,7.828333,1,0.7693,1270.17,1103.00,1519.33,1198.24,42.60,266.59,ok,10
941,7.836667,1,0.8413,1254.67,1102.76,1504.36,1198.02,41.57,267.12,ok,10
942,7.845000,1,0.7786,1238.72,1102.91,1489.06,1197.97,41.26,267.68,ok,10
943,7.853333,1,0.5321,1222.14,1102.33,1473.28,1197.24,42.46,268.40,ok,10
944,7.861667,0,,,,,,,269.28,rejected-jump,9
945,7.870000,1,0.8465,1190.70,1103.49,1443.75,1198.43,41.41,270.32,ok,10
946,7.878333,1,0.8146,1176.75,1106.68,1430.71,1201.69,43.94,271.25,ok,10
947,7.886667,1,0.5764,1161.05,1107.80,1415.97,1203.14,41.91,272.29,ok,10
948,7.895000,1,0.4246,1145.59,1106.54,1401.09,1202.29,40.48,273.00,ok,10
949,7.903333,1,0.8352,1130.89,1108.98,1386.83,1205.26,41.10,273.61,ok,10
950,7.911667,1,0.4946,1114.75,1109.48,1370.68,1206.04,39.77,273.70,ok,10
951,7.920000,1,0.8376,1100.60,1109.85,1356.12,1206.48,40.65,273.32,ok,11
952,7.928333,1,0.4537,1085.70,1111.63,1340.43,1208.08,40.98,272.50,ok,10
953,7.936667,1,0.5381,1069.89,1111.94,1323.73,1208.13,39.76,271.55,ok,10
954,7.945000,1,0.7482,1055.06,1114.15,1307.89,1210.13,41.39,270.49,ok,10
955,7.953333,1,0.4875,1039.91,1114.95,1291.81,1210.97,40.26,269.57,ok,10
956,7.961667,1,0.4951,1025.48,1117.15,1276.49,1213.56,41.20,268.79,ok,11
957,7.970000,1,0.7402,1011.01,1118.94,1261.31,1215.84,39.88,268.27,ok,9
958,7.978333,1,0.8540,996.58,1121.94,1246.35,1219.26,42.11,267.90,ok,8
959,7.986667,1,0.6553,981.81,1123.22,1231.28,1220.76,41.04,267.66,ok,9
960,7.995000,1,0.7432,967.24,1125.07,1216.49,1222.58,41.12,267.45,ok,9
961,8.003333,1,0.7525,953.16,1126.54,1202.42,1223.78,40.06,267.37,ok,11
962,8.011667,1,0.8327,938.31,1131.37,1187.97,1228.13,43.71,267.55,ok,10
963,8.020000,1,0.5612,924.21,1134.31,1174.54,1230.29,43.71,267.88,ok,11
964,8.028333,1,0.6504,908.41,1135.55,1159.76,1230.81,40.80,268.58,ok,11
965,8.036667,1,0.4419,893.87,1136.49,1146.32,1231.06,40.56,269.37,ok,10
966,8.045000,1,0.8322,879.56,1140.37,1133.09,1234.45,40.55,270.17,ok,9
967,8.053333,1,0.2807,864.05,1142.67,1118.74,1236.20,40.20,271.02,ok,9
968,8.061667,1,0.2720,850.76,1145.47,1106.72,1238.29,41.58,271.92,ok,9
969,8.070000,1,0.2626,834.43,1148.62,1091.57,1240.83,38.15,272.75,ok,9
970,8.078333,1,0.7603,822.39,1152.40,1080.49,1243.96,41.10,273.37,ok,10
971,8.086667,0,,,,,,,273.71,rejected-jump,10
972,8.095000,1,0.5405,793.87,1160.10,1053.02,1250.45,40.85,273.81,ok,11
973,8.103333,1,0.7981,781.18,1162.37,1040.35,1252.24,42.53,273.62,ok,10
974,8.111667,1,0.7907,766.40,1166.39,1025.39,1255.49,40.87,273.12,ok,10
975,8.120000,1,0.6565,752.65,1171.04,1011.33,1259.35,42.13,272.49,ok,10
976,8.128333,1,0.7363,738.95,1174.32,997.21,1261.97,41.82,271.77,ok,10
977,8.136667,1,0.4387,724.94,1177.12,982.91,1264.27,40.91,271.25,ok,9
978,8.145000,1,0.8392,711.26,1181.55,969.05,1268.25,41.96,270.86,ok,9
979,8.153333,1,0.2795,695.73,1185.09,953.53,1271.57,41.62,270.72,ok,9
980,8.161667,1,0.3424,682.61,1187.75,940.71,1274.11,38.94,270.84,ok,12
981,8.170000,0,,,,,,,271.22,rejected-jump,8
982,8.178333,0,,,,,,,271.73,rejected-size,9
983,8.186667,0,,,,,,,272.39,rejected-size,9
984,8.195000,0,,,,,,,272.89,rejected-size,10
985,8.203333,0,,,,,,,273.59,rejected-size,10
986,8.211667,0,,,,,,,274.15,rejected-size,9
987,8.220000,0,,,,,,,274.45,rejected-size,8
988,8.228333,0,,,,,,,274.55,rejected-size,9
989,8.236667,0,,,,,,,274.35,rejected-size,10
990,8.245000,1,0.4622,550.50,1235.70,813.60,1319.31,40.16,273.78,ok,10
991,8.253333,0,,,,,,,273.14,rejected-size,8
992,8.261667,0,,,,,,,272.33,rejected-size,8
993,8.270000,1,0.4004,508.87,1250.67,770.01,1334.06,40.52,271.41,ok,9
994,8.278333,1,0.8994,496.66,1256.23,756.76,1339.53,41.67,270.27,ok,9
995,8.286667,1,0.7707,484.40,1260.64,743.58,1343.88,42.18,269.26,ok,9
996,8.295417,1,0.9312,470.64,1266.23,729.10,1349.57,41.36,268.40,ok,9
997,8.303750,1,0.9083,457.98,1271.63,715.78,1355.24,41.13,267.65,ok,9
998,8.312083,1,0.5205,444.45,1277.08,701.60,1360.99,40.55,266.99,ok,9
999,8.320417,1,0.9220,432.01,1283.35,688.61,1367.51,40.94,266.39,ok,9
1000,8.328750,1,0.9162,419.98,1289.13,676.13,1373.64,41.50,265.93,ok,10
1001,8.337083,1,0.5666,406.33,1295.46,662.32,1380.31,40.73,265.79,ok,10
1002,8.345417,1,0.8834,394.02,1302.31,649.91,1387.51,40.61,265.75,ok,9
1003,8.353750,1,0.7965,380.37,1307.04,636.32,1392.32,39.71,265.70,ok,9
1004,8.362083,1,0.8758,367.20,1314.24,623.07,1399.89,40.10,265.63,ok,9
1005,8.370417,1,0.6025,355.09,1318.61,610.89,1404.64,39.58,265.66,ok,10
1006,8.378750,1,0.7542,342.16,1326.53,597.94,1413.04,39.78,265.74,ok,10
1007,8.387083,1,0.9115,330.49,1332.34,586.22,1419.21,39.75,265.75,ok,10
1008,8.395417,1,0.7499,317.50,1338.76,573.13,1426.22,40.27,265.77,ok,10
1009,8.403750,1,0.9090,304.73,1346.51,560.39,1434.69,41.11,265.88,ok,10
1010,8.412083,1,0.6643,293.18,1352.32,548.71,1441.31,40.97,265.92,ok,10
1011,8.420417,1,0.8850,281.09,1358.12,536.63,1447.75,40.81,265.94,ok,12
1012,8.428750,1,0.8680,268.81,1365.00,524.17,1455.10,39.90,265.77,ok,9
1013,8.437083,1,0.8399,253.67,1372.22,508.95,1462.62,37.81,265.66,ok,11
1014,8.445417,1,0.9172,242.80,1380.00,498.24,1470.54,40.43,265.74,ok,9
1015,8.453750,1,0.8546,231.70,1387.07,487.38,1477.62,40.83,265.93,ok,9
1016,8.462083,1,0.9034,218.37,1394.33,474.24,1485.06,40.32,266.14,ok,10
1017,8.470417,1,0.8250,205.44,1400.77,461.39,1491.54,39.07,266.15,ok,10
1018,8.478750,1,0.8855,193.85,1407.87,449.84,1498.48,39.95,266.19,ok,11
1019,8.487083,1,0.7360,181.18,1415.57,437.21,1505.90,39.46,266.12,ok,11
1020,8.495417,1,0.9000,168.85,1423.03,424.88,1513.10,40.68,266.01,ok,10
1021,8.503750,1,0.8752,156.32,1430.01,412.29,1519.78,39.47,265.92,ok,10
1022,8.512083,1,0.8708,144.79,1438.74,400.64,1528.20,39.86,265.66,ok,10
1023,8.520417,0,,,,,,,265.45,rejected-jump,9
1024,8.528750,1,0.9106,120.79,1453.28,376.43,1542.19,40.81,265.11,ok,9
1025,8.537083,1,0.8246,108.78,1461.59,364.44,1550.48,39.07,264.92,ok,9
1026,8.545417,1,0.7252,97.08,1469.46,352.63,1558.37,40.17,264.72,ok,9
1027,8.553750,1,0.5847,84.27,1477.50,339.94,1566.48,39.32,264.63,ok,9
1028,8.562083,1,0.7455,71.89,1486.03,327.44,1575.07,40.75,264.32,ok,9
1029,8.570417,1,0.6445,59.38,1494.26,314.77,1583.20,38.14,263.95,ok,9
1030,8.578750,1,0.7599,48.21,1498.64,303.64,1587.28,37.20,263.74,ok,9
1031,8.587083,1,0.7455,39.55,1495.43,294.99,1583.88,38.84,263.71,ok,9
1032,8.595417,1,0.8728,32.47,1490.60,288.19,1579.18,39.17,263.98,ok,9
1033,8.603750,1,0.8669,25.03,1485.03,280.88,1573.84,39.63,264.26,ok,9
1034,8.612083,1,0.9191,17.64,1479.66,273.66,1568.61,40.60,264.53,ok,9
1035,8.620417,1,0.8345,9.59,1475.52,265.86,1564.23,40.71,264.73,ok,10
1036,8.628750,1,0.8101,3.13,1469.32,259.55,1557.61,38.76,264.70,ok,10
1037,8.637083,1,0.9243,-4.73,1464.18,251.90,1551.77,40.20,264.58,ok,10
1038,8.645417,1,0.9062,-11.21,1460.01,245.54,1547.12,40.22,264.47,ok,11
1039,8.653750,1,0.7726,-18.47,1455.95,238.38,1542.85,40.98,264.39,ok,11
1040,8.662083,1,0.5262,-26.49,1450.22,230.41,1537.17,40.21,264.29,ok,11
1041,8.670417,1,0.8140,-33.61,1446.09,223.32,1533.11,41.00,264.25,ok,11
1042,8.678750,1,0.9056,-39.98,1442.54,216.99,1529.50,41.88,264.16,ok,9
1043,8.687083,1,0.7980,-48.34,1437.10,208.70,1523.91,38.29,264.12,ok,9
1044,8.695417,1,0.7893,-56.13,1432.86,201.20,1519.43,39.72,264.19,ok,9
1045,8.703750,1,0.8873,-61.99,1429.28,195.71,1515.37,40.67,264.32,ok,10
1046,8.712083,1,0.8891,-69.55,1425.23,188.54,1510.79,40.83,264.46,ok,9
1047,8.720417,1,0.7787,-76.41,1420.91,182.09,1505.91,39.82,264.58,ok,9
1048,8.728750,1,0.9134,-84.71,1417.50,173.92,1501.84,40.08,264.53,ok,9
1049,8.737083,1,0.8612,-91.59,1413.78,167.07,1497.61,39.97,264.42,ok,9
1050,8.745417,1,0.8455,-98.99,1410.34,159.74,1493.64,40.62,264.29,ok,9
1051,8.753750,1,0.9301,-106.50,1406.68,152.23,1489.56,39.62,264.22,ok,9
1052,8.762083,1,0.9116,-114.28,1403.95,144.25,1486.40,40.23,263.94,ok,9
1053,8.770417,1,0.9007,-122.65,1401.21,135.65,1483.15,39.33,263.59,ok,9
1054,8.778750,1,0.8514,-129.87,1398.03,127.87,1479.42,39.33,262.90,ok,9
1055,8.787083,1,0.9541,-136.83,1395.80,120.07,1476.69,41.15,261.93,ok,9
1056,8.795417,1,0.8465,-144.35,1393.42,111.50,1474.09,40.38,260.81,ok,9
1057,8.803750,1,0.8467,-151.85,1390.97,102.95,1471.69,40.70,259.69,ok,9
1058,8.812083,1,0.8982,-160.72,1388.77,92.93,1469.68,41.09,258.63,ok,9
1059,8.820417,1,0.7968,-166.74,1385.94,86.05,1467.14,41.01,257.89,ok,9
1060,8.828750,1,0.8649,-174.90,1383.86,77.30,1465.34,40.16,257.40,ok,9
1061,8.837083,1,0.7790,-182.95,1382.20,68.90,1463.97,39.43,257.17,ok,9
1062,8.845417,1,0.9224,-189.95,1381.09,61.74,1463.14,41.16,257.12,ok,9
1063,8.853750,1,0.8808,-196.17,1379.13,55.60,1461.64,42.16,257.31,ok,9
1064,8.862083,1,0.8598,-205.40,1377.58,46.65,1460.75,39.42,257.73,ok,9
1065,8.870417,1,0.7418,-211.87,1376.26,40.51,1460.02,40.97,258.15,ok,9
1066,8.878750,1,0.8753,-218.61,1374.39,34.17,1458.89,40.91,258.65,ok,9
1067,8.887083,1,0.9337,-226.01,1372.95,27.19,1457.97,40.35,259.13,ok,9
1068,8.895417,1,0.8460,-232.84,1371.08,20.67,1456.35,38.47,259.46,ok,9
1069,8.903750,1,0.2610,-235.99,1370.64,18.08,1456.17,35.39,259.96,ok,9
1070,8.912083,0,,,,,,,260.54,rejected-size,9
1071,8.920417,0,,,,,,,261.09,rejected-jump,8
1072,8.928750,0,,,,,,,261.53,rejected-jump,8
1073,8.937083,0,,,,,,,261.92,rejected-jump,8
1074,8.945417,0,,,,,,,262.06,rejected-size,8
1075,8.953750,0,,,,,,,262.40,rejected-size,8
1076,8.962083,0,,,,,,,262.83,rejected-size,8
1077,8.970417,0,,,,,,,263.17,rejected-size,9
1078,8.978750,0,,,,,,,263.37,rejected-size,9
1079,8.987083,0,,,,,,,263.60,rejected-size,9
1080,8.995417,0,,,,,,,263.60,rejected-size,9
1081,9.003750,0,,,,,,,263.47,rejected-size,8
1082,9.012083,0,,,,,,,263.12,rejected-size,9
1083,9.020417,0,,,,,,,262.60,rejected-size,9
1084,9.028750,0,,,,,,,261.92,rejected-size,8
1085,9.037083,0,,,,,,,261.20,rejected-size,9
1086,9.045417,0,,,,,,,260.53,rejected-size,9
1087,9.053750,0,,,,,,,259.84,rejected-size,10
1088,9.062083,0,,,,,,,259.33,rejected-size,11
1089,9.070417,0,,,,,,,259.10,rejected-size,10
1090,9.078750,0,,,,,,,259.28,rejected-size,10
1091,9.087083,0,,,,,,,259.31,rejected-size,9
1092,9.095417,0,,,,,,,259.42,rejected-size,9
1093,9.103750,0,,,,,,,259.61,rejected-size,9
1094,9.112083,0,,,,,,,259.93,rejected-size,11
1095,9.120417,0,,,,,,,260.30,rejected-size,10
1096,9.128750,0,,,,,,,260.68,rejected-size,10
1097,9.137083,0,,,,,,,261.14,rejected-size,10
1098,9.145417,0,,,,,,,261.51,rejected-size,8
1099,9.153750,0,,,,,,,261.73,rejected-size,8
